iat_slot_va	symbol
0x14034F000	DINPUT8.dll!DirectInput8Create
0x14034F010	GDI32.dll!DeleteObject
0x14034F018	GDI32.dll!SetBitmapBits
0x14034F020	GDI32.dll!CreateCompatibleBitmap
0x14034F030	KERNEL32.dll!LocalFree
0x14034F038	KERNEL32.dll!SystemTimeToFileTime
0x14034F040	KERNEL32.dll!CreateFileW
0x14034F048	KERNEL32.dll!WideCharToMultiByte
0x14034F050	KERNEL32.dll!InitializeSListHead
0x14034F058	KERNEL32.dll!GetSystemTimeAsFileTime
0x14034F060	KERNEL32.dll!GetCurrentProcessId
0x14034F068	KERNEL32.dll!GetStartupInfoW
0x14034F070	KERNEL32.dll!IsDebuggerPresent
0x14034F078	KERNEL32.dll!IsProcessorFeaturePresent
0x14034F080	KERNEL32.dll!TerminateProcess
0x14034F088	KERNEL32.dll!GetCurrentProcess
0x14034F090	KERNEL32.dll!GetFileInformationByHandleEx
0x14034F098	KERNEL32.dll!UnhandledExceptionFilter
0x14034F0A0	KERNEL32.dll!RtlVirtualUnwind
0x14034F0A8	KERNEL32.dll!RtlLookupFunctionEntry
0x14034F0B0	KERNEL32.dll!RtlCaptureContext
0x14034F0B8	KERNEL32.dll!GetProcAddress
0x14034F0C0	KERNEL32.dll!FileTimeToSystemTime
0x14034F0C8	KERNEL32.dll!VirtualAlloc
0x14034F0D0	KERNEL32.dll!GetSystemTime
0x14034F0D8	KERNEL32.dll!CreateEventW
0x14034F0E0	KERNEL32.dll!ResetEvent
0x14034F0E8	KERNEL32.dll!DeleteCriticalSection
0x14034F0F0	KERNEL32.dll!LeaveCriticalSection
0x14034F0F8	KERNEL32.dll!FindClose
0x14034F100	KERNEL32.dll!FindFirstFileA
0x14034F108	KERNEL32.dll!SetUnhandledExceptionFilter
0x14034F110	KERNEL32.dll!EnterCriticalSection
0x14034F118	KERNEL32.dll!InitializeCriticalSection
0x14034F120	KERNEL32.dll!SetLastError
0x14034F128	KERNEL32.dll!SetFilePointer
0x14034F130	KERNEL32.dll!ReadFile
0x14034F138	KERNEL32.dll!GetFileSize
0x14034F140	KERNEL32.dll!FileTimeToLocalFileTime
0x14034F148	KERNEL32.dll!CreateFileA
0x14034F150	KERNEL32.dll!GetModuleHandleW
0x14034F158	KERNEL32.dll!GetCurrentThreadId
0x14034F160	KERNEL32.dll!OutputDebugStringW
0x14034F168	KERNEL32.dll!CreateDirectoryW
0x14034F170	KERNEL32.dll!GetModuleFileNameW
0x14034F178	KERNEL32.dll!CreateProcessW
0x14034F180	KERNEL32.dll!MultiByteToWideChar
0x14034F188	KERNEL32.dll!GetModuleFileNameA
0x14034F190	KERNEL32.dll!GetLastError
0x14034F198	KERNEL32.dll!WaitForSingleObject
0x14034F1A0	KERNEL32.dll!Sleep
0x14034F1A8	KERNEL32.dll!VerifyVersionInfoW
0x14034F1B0	KERNEL32.dll!CreateThread
0x14034F1B8	KERNEL32.dll!SwitchToThread
0x14034F1C0	KERNEL32.dll!CreateEventExW
0x14034F1C8	KERNEL32.dll!SetEvent
0x14034F1D0	KERNEL32.dll!QueryPerformanceFrequency
0x14034F1D8	KERNEL32.dll!QueryPerformanceCounter
0x14034F1E0	KERNEL32.dll!VerSetConditionMask
0x14034F1E8	KERNEL32.dll!CloseHandle
0x14034F1F8	MFPlat.DLL!MFllMulDiv
0x14034F200	MFPlat.DLL!MFCreateMediaType
0x14034F208	MFPlat.DLL!MFTEnum
0x14034F210	MFPlat.DLL!MFCreateSample
0x14034F218	MFPlat.DLL!MFCreateMemoryBuffer
0x14034F220	MFPlat.DLL!MFShutdown
0x14034F228	MFPlat.DLL!MFStartup
0x14034F238	MFReadWrite.dll!MFCreateSourceReaderFromURL
0x14034F248	MSVCP140.dll!?_Xbad_alloc@std@@YAXXZ
0x14034F250	MSVCP140.dll!?_Xlength_error@std@@YAXPEBD@Z
0x14034F258	MSVCP140.dll!?_Xout_of_range@std@@YAXPEBD@Z
0x14034F268	OLEAUT32.dll!ordinal:9
0x14034F270	OLEAUT32.dll!ordinal:6
0x14034F278	OLEAUT32.dll!ordinal:2
0x14034F288	SHELL32.dll!SHGetFolderPathW
0x14034F298	USER32.dll!FindWindowW
0x14034F2A0	USER32.dll!MonitorFromWindow
0x14034F2A8	USER32.dll!GetMonitorInfoW
0x14034F2B0	USER32.dll!CallNextHookEx
0x14034F2B8	USER32.dll!UnhookWindowsHookEx
0x14034F2C0	USER32.dll!SetWindowsHookExW
0x14034F2C8	USER32.dll!SetWindowLongW
0x14034F2D0	USER32.dll!GetWindowLongW
0x14034F2D8	USER32.dll!ShowCursor
0x14034F2E0	USER32.dll!UpdateWindow
0x14034F2E8	USER32.dll!GetSystemMetrics
0x14034F2F0	USER32.dll!SetWindowPos
0x14034F2F8	USER32.dll!ShowWindow
0x14034F300	USER32.dll!CreateWindowExW
0x14034F308	USER32.dll!RegisterClassExW
0x14034F310	USER32.dll!UnregisterClassW
0x14034F318	USER32.dll!PostQuitMessage
0x14034F320	USER32.dll!LoadCursorW
0x14034F328	USER32.dll!DefWindowProcW
0x14034F330	USER32.dll!GetFocus
0x14034F338	USER32.dll!OpenClipboard
0x14034F340	USER32.dll!CloseClipboard
0x14034F348	USER32.dll!SetClipboardData
0x14034F350	USER32.dll!EmptyClipboard
0x14034F358	USER32.dll!GetDC
0x14034F360	USER32.dll!TranslateMessage
0x14034F368	USER32.dll!DispatchMessageW
0x14034F370	USER32.dll!PeekMessageW
0x14034F378	USER32.dll!PostMessageW
0x14034F388	VCRUNTIME140.dll!__std_exception_copy
0x14034F390	VCRUNTIME140.dll!strrchr
0x14034F398	VCRUNTIME140.dll!_CxxThrowException
0x14034F3A0	VCRUNTIME140.dll!__CxxFrameHandler3
0x14034F3A8	VCRUNTIME140.dll!memcpy
0x14034F3B0	VCRUNTIME140.dll!memset
0x14034F3B8	VCRUNTIME140.dll!_purecall
0x14034F3C0	VCRUNTIME140.dll!__std_terminate
0x14034F3C8	VCRUNTIME140.dll!memcmp
0x14034F3D0	VCRUNTIME140.dll!strstr
0x14034F3D8	VCRUNTIME140.dll!__RTDynamicCast
0x14034F3E0	VCRUNTIME140.dll!__C_specific_handler
0x14034F3E8	VCRUNTIME140.dll!__vcrt_InitializeCriticalSectionEx
0x14034F3F0	VCRUNTIME140.dll!__std_exception_destroy
0x14034F3F8	VCRUNTIME140.dll!memmove
0x14034F408	XINPUT9_1_0.dll!XInputSetState
0x14034F410	XINPUT9_1_0.dll!XInputGetState
0x14034F420	api-ms-win-crt-convert-l1-1-0.dll!atoi
0x14034F428	api-ms-win-crt-convert-l1-1-0.dll!atof
0x14034F430	api-ms-win-crt-convert-l1-1-0.dll!mbstowcs
0x14034F440	api-ms-win-crt-heap-l1-1-0.dll!_aligned_free
0x14034F448	api-ms-win-crt-heap-l1-1-0.dll!realloc
0x14034F450	api-ms-win-crt-heap-l1-1-0.dll!malloc
0x14034F458	api-ms-win-crt-heap-l1-1-0.dll!calloc
0x14034F460	api-ms-win-crt-heap-l1-1-0.dll!_aligned_malloc
0x14034F468	api-ms-win-crt-heap-l1-1-0.dll!free
0x14034F470	api-ms-win-crt-heap-l1-1-0.dll!_callnewh
0x14034F478	api-ms-win-crt-heap-l1-1-0.dll!_set_new_mode
0x14034F488	api-ms-win-crt-locale-l1-1-0.dll!_configthreadlocale
0x14034F498	api-ms-win-crt-math-l1-1-0.dll!sqrtf
0x14034F4A0	api-ms-win-crt-math-l1-1-0.dll!_fdtest
0x14034F4A8	api-ms-win-crt-math-l1-1-0.dll!sinf
0x14034F4B0	api-ms-win-crt-math-l1-1-0.dll!cosf
0x14034F4B8	api-ms-win-crt-math-l1-1-0.dll!tanf
0x14034F4C0	api-ms-win-crt-math-l1-1-0.dll!acosf
0x14034F4C8	api-ms-win-crt-math-l1-1-0.dll!__setusermatherr
0x14034F4D0	api-ms-win-crt-math-l1-1-0.dll!fmodf
0x14034F4D8	api-ms-win-crt-math-l1-1-0.dll!powf
0x14034F4E0	api-ms-win-crt-math-l1-1-0.dll!pow
0x14034F4E8	api-ms-win-crt-math-l1-1-0.dll!atan2f
0x14034F4F8	api-ms-win-crt-runtime-l1-1-0.dll!_c_exit
0x14034F500	api-ms-win-crt-runtime-l1-1-0.dll!_register_thread_local_exe_atexit_callback
0x14034F508	api-ms-win-crt-runtime-l1-1-0.dll!_exit
0x14034F510	api-ms-win-crt-runtime-l1-1-0.dll!_invalid_parameter_noinfo_noreturn
0x14034F518	api-ms-win-crt-runtime-l1-1-0.dll!exit
0x14034F520	api-ms-win-crt-runtime-l1-1-0.dll!_initterm_e
0x14034F528	api-ms-win-crt-runtime-l1-1-0.dll!_initterm
0x14034F530	api-ms-win-crt-runtime-l1-1-0.dll!_get_narrow_winmain_command_line
0x14034F538	api-ms-win-crt-runtime-l1-1-0.dll!_set_app_type
0x14034F540	api-ms-win-crt-runtime-l1-1-0.dll!_seh_filter_exe
0x14034F548	api-ms-win-crt-runtime-l1-1-0.dll!terminate
0x14034F550	api-ms-win-crt-runtime-l1-1-0.dll!_cexit
0x14034F558	api-ms-win-crt-runtime-l1-1-0.dll!__p___argv
0x14034F560	api-ms-win-crt-runtime-l1-1-0.dll!__p___argc
0x14034F568	api-ms-win-crt-runtime-l1-1-0.dll!_configure_narrow_argv
0x14034F570	api-ms-win-crt-runtime-l1-1-0.dll!_crt_atexit
0x14034F578	api-ms-win-crt-runtime-l1-1-0.dll!_initialize_narrow_environment
0x14034F580	api-ms-win-crt-runtime-l1-1-0.dll!_initialize_onexit_table
0x14034F588	api-ms-win-crt-runtime-l1-1-0.dll!_register_onexit_function
0x14034F590	api-ms-win-crt-runtime-l1-1-0.dll!_invalid_parameter_noinfo
0x14034F598	api-ms-win-crt-runtime-l1-1-0.dll!_errno
0x14034F5A0	api-ms-win-crt-runtime-l1-1-0.dll!_beginthreadex
0x14034F5B0	api-ms-win-crt-stdio-l1-1-0.dll!__p__commode
0x14034F5B8	api-ms-win-crt-stdio-l1-1-0.dll!__stdio_common_vsprintf
0x14034F5C0	api-ms-win-crt-stdio-l1-1-0.dll!__acrt_iob_func
0x14034F5C8	api-ms-win-crt-stdio-l1-1-0.dll!__stdio_common_vswprintf
0x14034F5D0	api-ms-win-crt-stdio-l1-1-0.dll!_set_fmode
0x14034F5D8	api-ms-win-crt-stdio-l1-1-0.dll!__stdio_common_vfprintf
0x14034F5E8	api-ms-win-crt-string-l1-1-0.dll!strncpy
0x14034F5F0	api-ms-win-crt-string-l1-1-0.dll!_strupr
0x14034F5F8	api-ms-win-crt-string-l1-1-0.dll!_stricmp
0x14034F600	api-ms-win-crt-string-l1-1-0.dll!strcmp
0x14034F608	api-ms-win-crt-string-l1-1-0.dll!strnlen
0x14034F610	api-ms-win-crt-string-l1-1-0.dll!_strdup
0x14034F618	api-ms-win-crt-string-l1-1-0.dll!strncmp
0x14034F628	api-ms-win-crt-time-l1-1-0.dll!clock
0x14034F638	api-ms-win-crt-utility-l1-1-0.dll!qsort
0x14034F640	api-ms-win-crt-utility-l1-1-0.dll!bsearch
0x14034F650	d3d11.dll!D3D11CreateDeviceAndSwapChain
0x14034F660	dxgi.dll!CreateDXGIFactory
0x14034F670	fmod64.dll!FMOD_Sound_GetUserData
0x14034F678	fmod64.dll!FMOD_Channel_Stop
0x14034F680	fmod64.dll!FMOD_Channel_SetPaused
0x14034F688	fmod64.dll!FMOD_Channel_GetPaused
0x14034F690	fmod64.dll!FMOD_Sound_SetUserData
0x14034F698	fmod64.dll!FMOD_Sound_SetLoopCount
0x14034F6A0	fmod64.dll!FMOD_Memory_Initialize
0x14034F6A8	fmod64.dll!FMOD_Debug_Initialize
0x14034F6B0	fmod64.dll!FMOD_Channel_SetVolume
0x14034F6B8	fmod64.dll!FMOD_Channel_SetPan
0x14034F6C0	fmod64.dll!FMOD_Channel_SetFrequency
0x14034F6C8	fmod64.dll!FMOD_Channel_SetPriority
0x14034F6D0	fmod64.dll!FMOD_Channel_SetChannelGroup
0x14034F6D8	fmod64.dll!FMOD_Channel_SetLoopPoints
0x14034F6E0	fmod64.dll!FMOD_ChannelGroup_Stop
0x14034F6E8	fmod64.dll!FMOD_ChannelGroup_SetVolume
0x14034F6F0	fmod64.dll!FMOD_ChannelGroup_AddGroup
0x14034F6F8	fmod64.dll!FMOD_System_LockDSP
0x14034F700	fmod64.dll!FMOD_System_UnlockDSP
0x14034F708	fmod64.dll!FMOD_System_SetSoftwareChannels
0x14034F710	fmod64.dll!FMOD_System_GetAdvancedSettings
0x14034F718	fmod64.dll!FMOD_Sound_GetOpenState
0x14034F720	fmod64.dll!FMOD_System_RegisterCodec
0x14034F728	fmod64.dll!FMOD_System_Update
0x14034F730	fmod64.dll!FMOD_System_SetStreamBufferSize
0x14034F738	fmod64.dll!FMOD_System_GetVersion
0x14034F740	fmod64.dll!FMOD_Sound_Release
0x14034F748	fmod64.dll!FMOD_System_SetReverbProperties
0x14034F750	fmod64.dll!FMOD_System_GetMasterChannelGroup
0x14034F758	fmod64.dll!FMOD_System_PlaySound
0x14034F760	fmod64.dll!FMOD_System_CreateChannelGroup
0x14034F768	fmod64.dll!FMOD_System_CreateStream
0x14034F770	fmod64.dll!FMOD_System_CreateSound
0x14034F780	fmodstudio64.dll!FMOD_Studio_System_Create
0x14034F788	fmodstudio64.dll!FMOD_Studio_System_Initialize
0x14034F790	fmodstudio64.dll!FMOD_Studio_System_GetLowLevelSystem
0x14034F7A0	ole32.dll!CoCreateInstance
0x14034F7A8	ole32.dll!CoTaskMemFree
0x14034F7B8	steam_api64.dll!SteamAPI_GetHSteamUser
0x14034F7C0	steam_api64.dll!SteamAPI_Init
0x14034F7C8	steam_api64.dll!SteamAPI_RestartAppIfNecessary
0x14034F7D0	steam_api64.dll!SteamInternal_ContextInit
0x14034F7D8	steam_api64.dll!SteamInternal_CreateInterface
0x14034F7E0	steam_api64.dll!SteamAPI_GetHSteamPipe
0x14034F7E8	steam_api64.dll!SteamAPI_Shutdown
