hierarchy_va	parent_preorder_index	child_preorder_index	derived_type_va	base_type_va	base_descriptor_va
0x14050d078	0	1	0x1405d51c0	0x1405d5180	0x14050d028
0x14050d0f8	0	1	0x1405d5200	0x1405d5220	0x14050d150
0x14050d218	0	1	0x1405d5268	0x1405d5148	0x14050cfd8
0x14050d340	0	1	0x1405d5310	0x1405d52a0	0x14050d298
0x14050d3c0	0	1	0x1405d5348	0x1405d5118	0x14050cf60
0x14050d3c0	0	2	0x1405d5348	0x1405d52d8	0x14050d428
0x14050d3c0	2	3	0x1405d52d8	0x1405d5248	0x14050d450
0x14050d4c8	0	1	0x1405d5378	0x1405d5220	0x14050d150
0x14050d5c0	0	1	0x1405d53c8	0x1405d53a0	0x14050d570
0x14050d730	0	1	0x1405d5430	0x1405d5410	0x14050d6e0
0x14050d730	0	2	0x1405d5430	0x1405d53f0	0x14050d798
0x14050d730	0	3	0x1405d5430	0x1405d5450	0x14050d7c0
0x14050d8b0	0	1	0x1405d5478	0x1405d5410	0x14050d6e0
0x14050d9f8	0	1	0x1405d54e8	0x1405d54a0	0x14050d930
0x14050da78	0	1	0x1405d5510	0x1405d54c8	0x14050d9a8
0x14050dbe8	0	1	0x1405d5580	0x1405d55a8	0x14050dc40
0x14050dcb8	0	1	0x1405d55c8	0x1405d5580	0x14050dc18
0x14050dcb8	1	2	0x1405d5580	0x1405d55a8	0x14050dc40
0x14050dd40	0	1	0x1405d55f0	0x1405d5580	0x14050dc18
0x14050dd40	1	2	0x1405d5580	0x1405d55a8	0x14050dc40
0x14050ddc8	0	1	0x1405d5618	0x1405d5580	0x14050dc18
0x14050ddc8	1	2	0x1405d5580	0x1405d55a8	0x14050dc40
0x14050de50	0	1	0x1405d5640	0x1405d5580	0x14050dc18
0x14050de50	1	2	0x1405d5580	0x1405d55a8	0x14050dc40
0x14050df78	0	1	0x1405d5688	0x1405d5668	0x14050df28
0x14050e070	0	1	0x1405d56d0	0x1405d56a8	0x14050e020
0x14050e0f0	0	1	0x1405d56f8	0x1405d56d0	0x14050e0a0
0x14050e0f0	1	2	0x1405d56d0	0x1405d56a8	0x14050e020
0x14050e178	0	1	0x1405d5720	0x1405d5688	0x14050dfa8
0x14050e178	1	2	0x1405d5688	0x1405d5668	0x14050df28
0x14050e178	0	3	0x1405d5720	0x1405d56d0	0x14050e1e8
0x14050e178	3	4	0x1405d56d0	0x1405d56a8	0x14050e210
0x14050e288	0	1	0x1405d5740	0x1405d5688	0x14050dfa8
0x14050e288	1	2	0x1405d5688	0x1405d5668	0x14050df28
0x14050e288	0	3	0x1405d5740	0x1405d56d0	0x14050e1e8
0x14050e288	3	4	0x1405d56d0	0x1405d56a8	0x14050e210
0x14050e348	0	1	0x1405d5760	0x1405d5688	0x14050dfa8
0x14050e348	1	2	0x1405d5688	0x1405d5668	0x14050df28
0x14050e348	0	3	0x1405d5760	0x1405d56d0	0x14050e1e8
0x14050e348	3	4	0x1405d56d0	0x1405d56a8	0x14050e210
0x14050e408	0	1	0x1405d5780	0x1405d5688	0x14050dfa8
0x14050e408	1	2	0x1405d5688	0x1405d5668	0x14050df28
0x14050e408	0	3	0x1405d5780	0x1405d56d0	0x14050e1e8
0x14050e408	3	4	0x1405d56d0	0x1405d56a8	0x14050e210
0x14050e630	0	1	0x1405d5810	0x1405d57f0	0x14050e5e0
0x14050e630	0	2	0x1405d5810	0x1405d5450	0x14050e690
0x14050e708	0	1	0x1405d5830	0x1405d5810	0x14050e668
0x14050e708	1	2	0x1405d5810	0x1405d57f0	0x14050e5e0
0x14050e708	1	3	0x1405d5810	0x1405d5450	0x14050e690
0x14050e7c0	0	1	0x1405d5858	0x1405d5810	0x14050e668
0x14050e7c0	1	2	0x1405d5810	0x1405d57f0	0x14050e5e0
0x14050e7c0	1	3	0x1405d5810	0x1405d5450	0x14050e690
0x14050e878	0	1	0x1405d5880	0x1405d5810	0x14050e668
0x14050e878	1	2	0x1405d5810	0x1405d57f0	0x14050e5e0
0x14050e878	1	3	0x1405d5810	0x1405d5450	0x14050e690
0x14050e9a8	0	1	0x1405d58d0	0x1405d58a8	0x14050e958
0x14050ea28	0	1	0x1405d58f8	0x1405d5410	0x14050d6e0
0x14050eb20	0	1	0x1405d5940	0x1405d5918	0x14050ead0
0x14050ec18	0	1	0x1405d5990	0x1405d5968	0x14050ebc8
0x14050ed10	0	1	0x1405d59d8	0x1405d59b8	0x14050ecc0
0x14050ed10	0	2	0x1405d59d8	0x1405d5990	0x14050ed78
0x14050ed10	2	3	0x1405d5990	0x1405d5968	0x14050eda0
0x14050ee18	0	1	0x1405d59f8	0x1405d59b8	0x14050ecc0
0x14050ee18	0	2	0x1405d59f8	0x1405d5990	0x14050ed78
0x14050ee18	2	3	0x1405d5990	0x1405d5968	0x14050eda0
0x14050ef48	0	1	0x1405d5a40	0x1405d5a18	0x14050eef8
0x14050f040	0	1	0x1405d5a90	0x1405d5a68	0x14050eff0
0x14050f138	0	1	0x1405d5ad8	0x1405d5ab8	0x14050f0e8
0x14050f1b8	0	1	0x1405d5af8	0x1405d5410	0x14050d6e0
0x14050f238	0	1	0x1405d5b18	0x1405d5af8	0x14050f1e8
0x14050f238	1	2	0x1405d5af8	0x1405d5410	0x14050d6e0
0x14050f2c0	0	1	0x1405d5b40	0x1405d5af8	0x14050f1e8
0x14050f2c0	1	2	0x1405d5af8	0x1405d5410	0x14050d6e0
0x14050f348	0	1	0x1405d5b60	0x1405d5af8	0x14050f1e8
0x14050f348	1	2	0x1405d5af8	0x1405d5410	0x14050d6e0
0x14050f3d0	0	1	0x1405d5b88	0x1405d5ba8	0x14050f468
0x14050f3d0	1	2	0x1405d5ba8	0x1405d5bd0	0x14050f4f8
0x14050f3d0	2	3	0x1405d5bd0	0x1405d5430	0x14050d770
0x14050f3d0	3	4	0x1405d5430	0x1405d5410	0x14050d6e0
0x14050f3d0	3	5	0x1405d5430	0x1405d53f0	0x14050d798
0x14050f3d0	3	6	0x1405d5430	0x1405d5450	0x14050d7c0
0x14050f3d0	2	7	0x1405d5bd0	0x1405d5bf8	0x14050f570
0x14050f3d0	1	8	0x1405d5ba8	0x1405d5c20	0x14050f5e8
0x14050f490	0	1	0x1405d5ba8	0x1405d5bd0	0x14050f4f8
0x14050f490	1	2	0x1405d5bd0	0x1405d5430	0x14050d770
0x14050f490	2	3	0x1405d5430	0x1405d5410	0x14050d6e0
0x14050f490	2	4	0x1405d5430	0x1405d53f0	0x14050d798
0x14050f490	2	5	0x1405d5430	0x1405d5450	0x14050d7c0
0x14050f490	1	6	0x1405d5bd0	0x1405d5bf8	0x14050f570
0x14050f490	0	7	0x1405d5ba8	0x1405d5c20	0x14050f5e8
0x14050f520	0	1	0x1405d5bd0	0x1405d5430	0x14050d770
0x14050f520	1	2	0x1405d5430	0x1405d5410	0x14050d6e0
0x14050f520	1	3	0x1405d5430	0x1405d53f0	0x14050d798
0x14050f520	1	4	0x1405d5430	0x1405d5450	0x14050d7c0
0x14050f520	0	5	0x1405d5bd0	0x1405d5bf8	0x14050f570
0x14050f728	0	1	0x1405d5c48	0x1405d5c70	0x14050f7a0
0x14050f728	1	2	0x1405d5c70	0x1405d5430	0x14050d770
0x14050f728	2	3	0x1405d5430	0x1405d5410	0x14050d6e0
0x14050f728	2	4	0x1405d5430	0x1405d53f0	0x14050d798
0x14050f728	2	5	0x1405d5430	0x1405d5450	0x14050d7c0
0x14050f7c8	0	1	0x1405d5c70	0x1405d5430	0x14050d770
0x14050f7c8	1	2	0x1405d5430	0x1405d5410	0x14050d6e0
0x14050f7c8	1	3	0x1405d5430	0x1405d53f0	0x14050d798
0x14050f7c8	1	4	0x1405d5430	0x1405d5450	0x14050d7c0
0x14050f888	0	1	0x1405d5c90	0x1405d5c70	0x14050f7a0
0x14050f888	1	2	0x1405d5c70	0x1405d5430	0x14050d770
0x14050f888	2	3	0x1405d5430	0x1405d5410	0x14050d6e0
0x14050f888	2	4	0x1405d5430	0x1405d53f0	0x14050d798
0x14050f888	2	5	0x1405d5430	0x1405d5450	0x14050d7c0
0x14050f978	0	1	0x1405d5cb8	0x1405d5ba8	0x14050f468
0x14050f978	1	2	0x1405d5ba8	0x1405d5bd0	0x14050f4f8
0x14050f978	2	3	0x1405d5bd0	0x1405d5430	0x14050d770
0x14050f978	3	4	0x1405d5430	0x1405d5410	0x14050d6e0
0x14050f978	3	5	0x1405d5430	0x1405d53f0	0x14050d798
0x14050f978	3	6	0x1405d5430	0x1405d5450	0x14050d7c0
0x14050f978	2	7	0x1405d5bd0	0x1405d5bf8	0x14050f570
0x14050f978	1	8	0x1405d5ba8	0x1405d5c20	0x14050f5e8
0x14050fad0	0	1	0x1405d5cd8	0x1405d5ba8	0x14050f468
0x14050fad0	1	2	0x1405d5ba8	0x1405d5bd0	0x14050f4f8
0x14050fad0	2	3	0x1405d5bd0	0x1405d5430	0x14050d770
0x14050fad0	3	4	0x1405d5430	0x1405d5410	0x14050d6e0
0x14050fad0	3	5	0x1405d5430	0x1405d53f0	0x14050d798
0x14050fad0	3	6	0x1405d5430	0x1405d5450	0x14050d7c0
0x14050fad0	2	7	0x1405d5bd0	0x1405d5bf8	0x14050f570
0x14050fad0	1	8	0x1405d5ba8	0x1405d5c20	0x14050f5e8
0x14050fc30	0	1	0x1405d5cf8	0x1405d5ba8	0x14050f468
0x14050fc30	1	2	0x1405d5ba8	0x1405d5bd0	0x14050f4f8
0x14050fc30	2	3	0x1405d5bd0	0x1405d5430	0x14050d770
0x14050fc30	3	4	0x1405d5430	0x1405d5410	0x14050d6e0
0x14050fc30	3	5	0x1405d5430	0x1405d53f0	0x14050d798
0x14050fc30	3	6	0x1405d5430	0x1405d5450	0x14050d7c0
0x14050fc30	2	7	0x1405d5bd0	0x1405d5bf8	0x14050f570
0x14050fc30	1	8	0x1405d5ba8	0x1405d5c20	0x14050f5e8
0x14050fd90	0	1	0x1405d5d18	0x1405d5ba8	0x14050f468
0x14050fd90	1	2	0x1405d5ba8	0x1405d5bd0	0x14050f4f8
0x14050fd90	2	3	0x1405d5bd0	0x1405d5430	0x14050d770
0x14050fd90	3	4	0x1405d5430	0x1405d5410	0x14050d6e0
0x14050fd90	3	5	0x1405d5430	0x1405d53f0	0x14050d798
0x14050fd90	3	6	0x1405d5430	0x1405d5450	0x14050d7c0
0x14050fd90	2	7	0x1405d5bd0	0x1405d5bf8	0x14050f570
0x14050fd90	1	8	0x1405d5ba8	0x1405d5c20	0x14050f5e8
0x14050fef0	0	1	0x1405d5d38	0x1405d5ba8	0x14050f468
0x14050fef0	1	2	0x1405d5ba8	0x1405d5bd0	0x14050f4f8
0x14050fef0	2	3	0x1405d5bd0	0x1405d5430	0x14050d770
0x14050fef0	3	4	0x1405d5430	0x1405d5410	0x14050d6e0
0x14050fef0	3	5	0x1405d5430	0x1405d53f0	0x14050d798
0x14050fef0	3	6	0x1405d5430	0x1405d5450	0x14050d7c0
0x14050fef0	2	7	0x1405d5bd0	0x1405d5bf8	0x14050f570
0x14050fef0	1	8	0x1405d5ba8	0x1405d5c20	0x14050f5e8
0x140510050	0	1	0x1405d5d58	0x1405d5c70	0x14050f7a0
0x140510050	1	2	0x1405d5c70	0x1405d5430	0x14050d770
0x140510050	2	3	0x1405d5430	0x1405d5410	0x14050d6e0
0x140510050	2	4	0x1405d5430	0x1405d53f0	0x14050d798
0x140510050	2	5	0x1405d5430	0x1405d5450	0x14050d7c0
0x1405101b8	0	1	0x1405d5da8	0x1405d5d80	0x140510168
0x140510238	0	1	0x1405d5dc8	0x1405d5bd0	0x14050f4f8
0x140510238	1	2	0x1405d5bd0	0x1405d5430	0x14050d770
0x140510238	2	3	0x1405d5430	0x1405d5410	0x14050d6e0
0x140510238	2	4	0x1405d5430	0x1405d53f0	0x14050d798
0x140510238	2	5	0x1405d5430	0x1405d5450	0x14050d7c0
0x140510238	1	6	0x1405d5bd0	0x1405d5bf8	0x14050f570
0x140510358	0	1	0x1405d5df0	0x1405d5ba8	0x14050f468
0x140510358	1	2	0x1405d5ba8	0x1405d5bd0	0x14050f4f8
0x140510358	2	3	0x1405d5bd0	0x1405d5430	0x14050d770
0x140510358	3	4	0x1405d5430	0x1405d5410	0x14050d6e0
0x140510358	3	5	0x1405d5430	0x1405d53f0	0x14050d798
0x140510358	3	6	0x1405d5430	0x1405d5450	0x14050d7c0
0x140510358	2	7	0x1405d5bd0	0x1405d5bf8	0x14050f570
0x140510358	1	8	0x1405d5ba8	0x1405d5c20	0x14050f5e8
0x1405104b0	0	1	0x1405d5e10	0x1405d5c70	0x14050f7a0
0x1405104b0	1	2	0x1405d5c70	0x1405d5430	0x14050d770
0x1405104b0	2	3	0x1405d5430	0x1405d5410	0x14050d6e0
0x1405104b0	2	4	0x1405d5430	0x1405d53f0	0x14050d798
0x1405104b0	2	5	0x1405d5430	0x1405d5450	0x14050d7c0
0x1405105a0	0	1	0x1405d5e38	0x1405d5ba8	0x14050f468
0x1405105a0	1	2	0x1405d5ba8	0x1405d5bd0	0x14050f4f8
0x1405105a0	2	3	0x1405d5bd0	0x1405d5430	0x14050d770
0x1405105a0	3	4	0x1405d5430	0x1405d5410	0x14050d6e0
0x1405105a0	3	5	0x1405d5430	0x1405d53f0	0x14050d798
0x1405105a0	3	6	0x1405d5430	0x1405d5450	0x14050d7c0
0x1405105a0	2	7	0x1405d5bd0	0x1405d5bf8	0x14050f570
0x1405105a0	1	8	0x1405d5ba8	0x1405d5c20	0x14050f5e8
0x140510700	0	1	0x1405d5e58	0x1405d5d80	0x140510168
0x140510780	0	1	0x1405d5e80	0x1405d5ba8	0x14050f468
0x140510780	1	2	0x1405d5ba8	0x1405d5bd0	0x14050f4f8
0x140510780	2	3	0x1405d5bd0	0x1405d5430	0x14050d770
0x140510780	3	4	0x1405d5430	0x1405d5410	0x14050d6e0
0x140510780	3	5	0x1405d5430	0x1405d53f0	0x14050d798
0x140510780	3	6	0x1405d5430	0x1405d5450	0x14050d7c0
0x140510780	2	7	0x1405d5bd0	0x1405d5bf8	0x14050f570
0x140510780	1	8	0x1405d5ba8	0x1405d5c20	0x14050f5e8
0x1405108e0	0	1	0x1405d5ea0	0x1405d5d80	0x140510168
0x140510960	0	1	0x1405d5ec8	0x1405d5d80	0x140510168
0x1405109e0	0	1	0x1405d5ee8	0x1405d5d80	0x140510168
0x140510a60	0	1	0x1405d5f10	0x1405d5bd0	0x14050f4f8
0x140510a60	1	2	0x1405d5bd0	0x1405d5430	0x14050d770
0x140510a60	2	3	0x1405d5430	0x1405d5410	0x14050d6e0
0x140510a60	2	4	0x1405d5430	0x1405d53f0	0x14050d798
0x140510a60	2	5	0x1405d5430	0x1405d5450	0x14050d7c0
0x140510a60	1	6	0x1405d5bd0	0x1405d5bf8	0x14050f570
0x140510a60	0	7	0x1405d5f10	0x1405d5688	0x140510b08
0x140510a60	7	8	0x1405d5688	0x1405d5668	0x140510b30
0x140510a60	0	9	0x1405d5f10	0x1405d56d0	0x140510b58
0x140510a60	9	10	0x1405d56d0	0x1405d56a8	0x140510b80
0x140510c98	0	1	0x1405d5f30	0x1405d5bd0	0x14050f4f8
0x140510c98	1	2	0x1405d5bd0	0x1405d5430	0x14050d770
0x140510c98	2	3	0x1405d5430	0x1405d5410	0x14050d6e0
0x140510c98	2	4	0x1405d5430	0x1405d53f0	0x14050d798
0x140510c98	2	5	0x1405d5430	0x1405d5450	0x14050d7c0
0x140510c98	1	6	0x1405d5bd0	0x1405d5bf8	0x14050f570
0x140510db8	0	1	0x1405d5f58	0x1405d5c70	0x14050f7a0
0x140510db8	1	2	0x1405d5c70	0x1405d5430	0x14050d770
0x140510db8	2	3	0x1405d5430	0x1405d5410	0x14050d6e0
0x140510db8	2	4	0x1405d5430	0x1405d53f0	0x14050d798
0x140510db8	2	5	0x1405d5430	0x1405d5450	0x14050d7c0
0x140510ea8	0	1	0x1405d5f80	0x1405d5c70	0x14050f7a0
0x140510ea8	1	2	0x1405d5c70	0x1405d5430	0x14050d770
0x140510ea8	2	3	0x1405d5430	0x1405d5410	0x14050d6e0
0x140510ea8	2	4	0x1405d5430	0x1405d53f0	0x14050d798
0x140510ea8	2	5	0x1405d5430	0x1405d5450	0x14050d7c0
0x140510f98	0	1	0x1405d5fa8	0x1405d5bd0	0x14050f4f8
0x140510f98	1	2	0x1405d5bd0	0x1405d5430	0x14050d770
0x140510f98	2	3	0x1405d5430	0x1405d5410	0x14050d6e0
0x140510f98	2	4	0x1405d5430	0x1405d53f0	0x14050d798
0x140510f98	2	5	0x1405d5430	0x1405d5450	0x14050d7c0
0x140510f98	1	6	0x1405d5bd0	0x1405d5bf8	0x14050f570
0x140510f98	0	7	0x1405d5fa8	0x1405d5688	0x140510b08
0x140510f98	7	8	0x1405d5688	0x1405d5668	0x140510b30
0x140510f98	0	9	0x1405d5fa8	0x1405d56d0	0x140510b58
0x140510f98	9	10	0x1405d56d0	0x1405d56a8	0x140510b80
0x140511128	0	1	0x1405d5fc8	0x1405d5c70	0x14050f7a0
0x140511128	1	2	0x1405d5c70	0x1405d5430	0x14050d770
0x140511128	2	3	0x1405d5430	0x1405d5410	0x14050d6e0
0x140511128	2	4	0x1405d5430	0x1405d53f0	0x14050d798
0x140511128	2	5	0x1405d5430	0x1405d5450	0x14050d7c0
0x140511290	0	1	0x1405d6018	0x1405d5bd0	0x14050f4f8
0x140511290	1	2	0x1405d5bd0	0x1405d5430	0x14050d770
0x140511290	2	3	0x1405d5430	0x1405d5410	0x14050d6e0
0x140511290	2	4	0x1405d5430	0x1405d53f0	0x14050d798
0x140511290	2	5	0x1405d5430	0x1405d5450	0x14050d7c0
0x140511290	1	6	0x1405d5bd0	0x1405d5bf8	0x14050f570
0x140511290	0	7	0x1405d6018	0x1405d5688	0x140510b08
0x140511290	7	8	0x1405d5688	0x1405d5668	0x140510b30
0x140511290	0	9	0x1405d6018	0x1405d56d0	0x140510b58
0x140511290	9	10	0x1405d56d0	0x1405d56a8	0x140510b80
0x140511428	0	1	0x1405d6038	0x1405d5bd0	0x14050f4f8
0x140511428	1	2	0x1405d5bd0	0x1405d5430	0x14050d770
0x140511428	2	3	0x1405d5430	0x1405d5410	0x14050d6e0
0x140511428	2	4	0x1405d5430	0x1405d53f0	0x14050d798
0x140511428	2	5	0x1405d5430	0x1405d5450	0x14050d7c0
0x140511428	1	6	0x1405d5bd0	0x1405d5bf8	0x14050f570
0x140511428	0	7	0x1405d6038	0x1405d5688	0x140510b08
0x140511428	7	8	0x1405d5688	0x1405d5668	0x140510b30
0x140511428	0	9	0x1405d6038	0x1405d56f8	0x1405114d0
0x140511428	9	10	0x1405d56f8	0x1405d56d0	0x140510b58
0x140511428	10	11	0x1405d56d0	0x1405d56a8	0x140510b80
0x1405115e8	0	1	0x1405d6058	0x1405d5bd0	0x14050f4f8
0x1405115e8	1	2	0x1405d5bd0	0x1405d5430	0x14050d770
0x1405115e8	2	3	0x1405d5430	0x1405d5410	0x14050d6e0
0x1405115e8	2	4	0x1405d5430	0x1405d53f0	0x14050d798
0x1405115e8	2	5	0x1405d5430	0x1405d5450	0x14050d7c0
0x1405115e8	1	6	0x1405d5bd0	0x1405d5bf8	0x14050f570
0x1405115e8	0	7	0x1405d6058	0x1405d5688	0x140510b08
0x1405115e8	7	8	0x1405d5688	0x1405d5668	0x140510b30
0x1405115e8	0	9	0x1405d6058	0x1405d56f8	0x1405114d0
0x1405115e8	9	10	0x1405d56f8	0x1405d56d0	0x140510b58
0x1405115e8	10	11	0x1405d56d0	0x1405d56a8	0x140510b80
0x140511780	0	1	0x1405d6078	0x1405d5c70	0x14050f7a0
0x140511780	1	2	0x1405d5c70	0x1405d5430	0x14050d770
0x140511780	2	3	0x1405d5430	0x1405d5410	0x14050d6e0
0x140511780	2	4	0x1405d5430	0x1405d53f0	0x14050d798
0x140511780	2	5	0x1405d5430	0x1405d5450	0x14050d7c0
0x140511870	0	1	0x1405d60a0	0x1405d5c70	0x14050f7a0
0x140511870	1	2	0x1405d5c70	0x1405d5430	0x14050d770
0x140511870	2	3	0x1405d5430	0x1405d5410	0x14050d6e0
0x140511870	2	4	0x1405d5430	0x1405d53f0	0x14050d798
0x140511870	2	5	0x1405d5430	0x1405d5450	0x14050d7c0
0x140511960	0	1	0x1405d60c8	0x1405d5bd0	0x14050f4f8
0x140511960	1	2	0x1405d5bd0	0x1405d5430	0x14050d770
0x140511960	2	3	0x1405d5430	0x1405d5410	0x14050d6e0
0x140511960	2	4	0x1405d5430	0x1405d53f0	0x14050d798
0x140511960	2	5	0x1405d5430	0x1405d5450	0x14050d7c0
0x140511960	1	6	0x1405d5bd0	0x1405d5bf8	0x14050f570
0x140511960	0	7	0x1405d60c8	0x1405d5688	0x140510b08
0x140511960	7	8	0x1405d5688	0x1405d5668	0x140510b30
0x140511960	0	9	0x1405d60c8	0x1405d56f8	0x1405114d0
0x140511960	9	10	0x1405d56f8	0x1405d56d0	0x140510b58
0x140511960	10	11	0x1405d56d0	0x1405d56a8	0x140510b80
0x140511b00	0	1	0x1405d60e8	0x1405d5bd0	0x14050f4f8
0x140511b00	1	2	0x1405d5bd0	0x1405d5430	0x14050d770
0x140511b00	2	3	0x1405d5430	0x1405d5410	0x14050d6e0
0x140511b00	2	4	0x1405d5430	0x1405d53f0	0x14050d798
0x140511b00	2	5	0x1405d5430	0x1405d5450	0x14050d7c0
0x140511b00	1	6	0x1405d5bd0	0x1405d5bf8	0x14050f570
0x140511b00	0	7	0x1405d60e8	0x1405d5688	0x140510b08
0x140511b00	7	8	0x1405d5688	0x1405d5668	0x140510b30
0x140511b00	0	9	0x1405d60e8	0x1405d56f8	0x1405114d0
0x140511b00	9	10	0x1405d56f8	0x1405d56d0	0x140510b58
0x140511b00	10	11	0x1405d56d0	0x1405d56a8	0x140510b80
0x140511ca0	0	1	0x1405d6108	0x1405d5bd0	0x14050f4f8
0x140511ca0	1	2	0x1405d5bd0	0x1405d5430	0x14050d770
0x140511ca0	2	3	0x1405d5430	0x1405d5410	0x14050d6e0
0x140511ca0	2	4	0x1405d5430	0x1405d53f0	0x14050d798
0x140511ca0	2	5	0x1405d5430	0x1405d5450	0x14050d7c0
0x140511ca0	1	6	0x1405d5bd0	0x1405d5bf8	0x14050f570
0x140511dc0	0	1	0x1405d6130	0x1405d5c70	0x14050f7a0
0x140511dc0	1	2	0x1405d5c70	0x1405d5430	0x14050d770
0x140511dc0	2	3	0x1405d5430	0x1405d5410	0x14050d6e0
0x140511dc0	2	4	0x1405d5430	0x1405d53f0	0x14050d798
0x140511dc0	2	5	0x1405d5430	0x1405d5450	0x14050d7c0
0x140511eb0	0	1	0x1405d6158	0x1405d5c70	0x14050f7a0
0x140511eb0	1	2	0x1405d5c70	0x1405d5430	0x14050d770
0x140511eb0	2	3	0x1405d5430	0x1405d5410	0x14050d6e0
0x140511eb0	2	4	0x1405d5430	0x1405d53f0	0x14050d798
0x140511eb0	2	5	0x1405d5430	0x1405d5450	0x14050d7c0
0x140511fa0	0	1	0x1405d6180	0x1405d5c70	0x14050f7a0
0x140511fa0	1	2	0x1405d5c70	0x1405d5430	0x14050d770
0x140511fa0	2	3	0x1405d5430	0x1405d5410	0x14050d6e0
0x140511fa0	2	4	0x1405d5430	0x1405d53f0	0x14050d798
0x140511fa0	2	5	0x1405d5430	0x1405d5450	0x14050d7c0
0x140512090	0	1	0x1405d61a8	0x1405d60e8	0x140511b88
0x140512090	1	2	0x1405d60e8	0x1405d5bd0	0x14050f4f8
0x140512090	2	3	0x1405d5bd0	0x1405d5430	0x14050d770
0x140512090	3	4	0x1405d5430	0x1405d5410	0x14050d6e0
0x140512090	3	5	0x1405d5430	0x1405d53f0	0x14050d798
0x140512090	3	6	0x1405d5430	0x1405d5450	0x14050d7c0
0x140512090	2	7	0x1405d5bd0	0x1405d5bf8	0x14050f570
0x140512090	1	8	0x1405d60e8	0x1405d5688	0x140510b08
0x140512090	8	9	0x1405d5688	0x1405d5668	0x140510b30
0x140512090	1	10	0x1405d60e8	0x1405d56f8	0x1405114d0
0x140512090	10	11	0x1405d56f8	0x1405d56d0	0x140510b58
0x140512090	11	12	0x1405d56d0	0x1405d56a8	0x140510b80
0x140512238	0	1	0x1405d61c8	0x1405d5c70	0x14050f7a0
0x140512238	1	2	0x1405d5c70	0x1405d5430	0x14050d770
0x140512238	2	3	0x1405d5430	0x1405d5410	0x14050d6e0
0x140512238	2	4	0x1405d5430	0x1405d53f0	0x14050d798
0x140512238	2	5	0x1405d5430	0x1405d5450	0x14050d7c0
0x1405123a0	0	1	0x1405d6218	0x1405d61f0	0x140512350
0x140512420	0	1	0x1405d6238	0x1405d5bd0	0x14050f4f8
0x140512420	1	2	0x1405d5bd0	0x1405d5430	0x14050d770
0x140512420	2	3	0x1405d5430	0x1405d5410	0x14050d6e0
0x140512420	2	4	0x1405d5430	0x1405d53f0	0x14050d798
0x140512420	2	5	0x1405d5430	0x1405d5450	0x14050d7c0
0x140512420	1	6	0x1405d5bd0	0x1405d5bf8	0x14050f570
0x140512420	0	7	0x1405d6238	0x1405d5688	0x140510b08
0x140512420	7	8	0x1405d5688	0x1405d5668	0x140510b30
0x140512420	0	9	0x1405d6238	0x1405d56d0	0x140510b58
0x140512420	9	10	0x1405d56d0	0x1405d56a8	0x140510b80
0x1405125b8	0	1	0x1405d6260	0x1405d5810	0x14050e668
0x1405125b8	1	2	0x1405d5810	0x1405d57f0	0x14050e5e0
0x1405125b8	1	3	0x1405d5810	0x1405d5450	0x14050e690
0x140512670	0	1	0x1405d6288	0x1405d5bd0	0x14050f4f8
0x140512670	1	2	0x1405d5bd0	0x1405d5430	0x14050d770
0x140512670	2	3	0x1405d5430	0x1405d5410	0x14050d6e0
0x140512670	2	4	0x1405d5430	0x1405d53f0	0x14050d798
0x140512670	2	5	0x1405d5430	0x1405d5450	0x14050d7c0
0x140512670	1	6	0x1405d5bd0	0x1405d5bf8	0x14050f570
0x140512670	0	7	0x1405d6288	0x1405d5688	0x140510b08
0x140512670	7	8	0x1405d5688	0x1405d5668	0x140510b30
0x140512670	0	9	0x1405d6288	0x1405d56d0	0x140510b58
0x140512670	9	10	0x1405d56d0	0x1405d56a8	0x140510b80
0x140512808	0	1	0x1405d62a8	0x1405d5c70	0x14050f7a0
0x140512808	1	2	0x1405d5c70	0x1405d5430	0x14050d770
0x140512808	2	3	0x1405d5430	0x1405d5410	0x14050d6e0
0x140512808	2	4	0x1405d5430	0x1405d53f0	0x14050d798
0x140512808	2	5	0x1405d5430	0x1405d5450	0x14050d7c0
0x1405128f8	0	1	0x1405d62d0	0x1405d5c70	0x14050f7a0
0x1405128f8	1	2	0x1405d5c70	0x1405d5430	0x14050d770
0x1405128f8	2	3	0x1405d5430	0x1405d5410	0x14050d6e0
0x1405128f8	2	4	0x1405d5430	0x1405d53f0	0x14050d798
0x1405128f8	2	5	0x1405d5430	0x1405d5450	0x14050d7c0
0x1405129e8	0	1	0x1405d62f8	0x1405d5c70	0x14050f7a0
0x1405129e8	1	2	0x1405d5c70	0x1405d5430	0x14050d770
0x1405129e8	2	3	0x1405d5430	0x1405d5410	0x14050d6e0
0x1405129e8	2	4	0x1405d5430	0x1405d53f0	0x14050d798
0x1405129e8	2	5	0x1405d5430	0x1405d5450	0x14050d7c0
0x140512ad8	0	1	0x1405d6320	0x1405d5c70	0x14050f7a0
0x140512ad8	1	2	0x1405d5c70	0x1405d5430	0x14050d770
0x140512ad8	2	3	0x1405d5430	0x1405d5410	0x14050d6e0
0x140512ad8	2	4	0x1405d5430	0x1405d53f0	0x14050d798
0x140512ad8	2	5	0x1405d5430	0x1405d5450	0x14050d7c0
0x140512bc8	0	1	0x1405d6348	0x1405d5c70	0x14050f7a0
0x140512bc8	1	2	0x1405d5c70	0x1405d5430	0x14050d770
0x140512bc8	2	3	0x1405d5430	0x1405d5410	0x14050d6e0
0x140512bc8	2	4	0x1405d5430	0x1405d53f0	0x14050d798
0x140512bc8	2	5	0x1405d5430	0x1405d5450	0x14050d7c0
0x140512cb8	0	1	0x1405d6370	0x1405d5c70	0x14050f7a0
0x140512cb8	1	2	0x1405d5c70	0x1405d5430	0x14050d770
0x140512cb8	2	3	0x1405d5430	0x1405d5410	0x14050d6e0
0x140512cb8	2	4	0x1405d5430	0x1405d53f0	0x14050d798
0x140512cb8	2	5	0x1405d5430	0x1405d5450	0x14050d7c0
0x140512da8	0	1	0x1405d6398	0x1405d5bd0	0x14050f4f8
0x140512da8	1	2	0x1405d5bd0	0x1405d5430	0x14050d770
0x140512da8	2	3	0x1405d5430	0x1405d5410	0x14050d6e0
0x140512da8	2	4	0x1405d5430	0x1405d53f0	0x14050d798
0x140512da8	2	5	0x1405d5430	0x1405d5450	0x14050d7c0
0x140512da8	1	6	0x1405d5bd0	0x1405d5bf8	0x14050f570
0x140512da8	0	7	0x1405d6398	0x1405d5688	0x140510b08
0x140512da8	7	8	0x1405d5688	0x1405d5668	0x140510b30
0x140512da8	0	9	0x1405d6398	0x1405d56d0	0x140510b58
0x140512da8	9	10	0x1405d56d0	0x1405d56a8	0x140510b80
0x140512f38	0	1	0x1405d63b8	0x1405d5c70	0x14050f7a0
0x140512f38	1	2	0x1405d5c70	0x1405d5430	0x14050d770
0x140512f38	2	3	0x1405d5430	0x1405d5410	0x14050d6e0
0x140512f38	2	4	0x1405d5430	0x1405d53f0	0x14050d798
0x140512f38	2	5	0x1405d5430	0x1405d5450	0x14050d7c0
0x140513028	0	1	0x1405d63e0	0x1405d5c70	0x14050f7a0
0x140513028	1	2	0x1405d5c70	0x1405d5430	0x14050d770
0x140513028	2	3	0x1405d5430	0x1405d5410	0x14050d6e0
0x140513028	2	4	0x1405d5430	0x1405d53f0	0x14050d798
0x140513028	2	5	0x1405d5430	0x1405d5450	0x14050d7c0
0x140513118	0	1	0x1405d6408	0x1405d5c70	0x14050f7a0
0x140513118	1	2	0x1405d5c70	0x1405d5430	0x14050d770
0x140513118	2	3	0x1405d5430	0x1405d5410	0x14050d6e0
0x140513118	2	4	0x1405d5430	0x1405d53f0	0x14050d798
0x140513118	2	5	0x1405d5430	0x1405d5450	0x14050d7c0
0x140513208	0	1	0x1405d6430	0x1405d5bd0	0x14050f4f8
0x140513208	1	2	0x1405d5bd0	0x1405d5430	0x14050d770
0x140513208	2	3	0x1405d5430	0x1405d5410	0x14050d6e0
0x140513208	2	4	0x1405d5430	0x1405d53f0	0x14050d798
0x140513208	2	5	0x1405d5430	0x1405d5450	0x14050d7c0
0x140513208	1	6	0x1405d5bd0	0x1405d5bf8	0x14050f570
0x140513208	0	7	0x1405d6430	0x1405d5688	0x140510b08
0x140513208	7	8	0x1405d5688	0x1405d5668	0x140510b30
0x140513208	0	9	0x1405d6430	0x1405d56f8	0x1405114d0
0x140513208	9	10	0x1405d56f8	0x1405d56d0	0x140510b58
0x140513208	10	11	0x1405d56d0	0x1405d56a8	0x140510b80
0x1405133a0	0	1	0x1405d6450	0x1405d5bd0	0x14050f4f8
0x1405133a0	1	2	0x1405d5bd0	0x1405d5430	0x14050d770
0x1405133a0	2	3	0x1405d5430	0x1405d5410	0x14050d6e0
0x1405133a0	2	4	0x1405d5430	0x1405d53f0	0x14050d798
0x1405133a0	2	5	0x1405d5430	0x1405d5450	0x14050d7c0
0x1405133a0	1	6	0x1405d5bd0	0x1405d5bf8	0x14050f570
0x1405134c0	0	1	0x1405d6478	0x1405d5bd0	0x14050f4f8
0x1405134c0	1	2	0x1405d5bd0	0x1405d5430	0x14050d770
0x1405134c0	2	3	0x1405d5430	0x1405d5410	0x14050d6e0
0x1405134c0	2	4	0x1405d5430	0x1405d53f0	0x14050d798
0x1405134c0	2	5	0x1405d5430	0x1405d5450	0x14050d7c0
0x1405134c0	1	6	0x1405d5bd0	0x1405d5bf8	0x14050f570
0x1405135e0	0	1	0x1405d64a0	0x1405d5bd0	0x14050f4f8
0x1405135e0	1	2	0x1405d5bd0	0x1405d5430	0x14050d770
0x1405135e0	2	3	0x1405d5430	0x1405d5410	0x14050d6e0
0x1405135e0	2	4	0x1405d5430	0x1405d53f0	0x14050d798
0x1405135e0	2	5	0x1405d5430	0x1405d5450	0x14050d7c0
0x1405135e0	1	6	0x1405d5bd0	0x1405d5bf8	0x14050f570
0x1405135e0	0	7	0x1405d64a0	0x1405d5688	0x140510b08
0x1405135e0	7	8	0x1405d5688	0x1405d5668	0x140510b30
0x1405135e0	0	9	0x1405d64a0	0x1405d56f8	0x1405114d0
0x1405135e0	9	10	0x1405d56f8	0x1405d56d0	0x140510b58
0x1405135e0	10	11	0x1405d56d0	0x1405d56a8	0x140510b80
0x140513780	0	1	0x1405d64c0	0x1405d5bd0	0x14050f4f8
0x140513780	1	2	0x1405d5bd0	0x1405d5430	0x14050d770
0x140513780	2	3	0x1405d5430	0x1405d5410	0x14050d6e0
0x140513780	2	4	0x1405d5430	0x1405d53f0	0x14050d798
0x140513780	2	5	0x1405d5430	0x1405d5450	0x14050d7c0
0x140513780	1	6	0x1405d5bd0	0x1405d5bf8	0x14050f570
0x140513780	0	7	0x1405d64c0	0x1405d5688	0x140510b08
0x140513780	7	8	0x1405d5688	0x1405d5668	0x140510b30
0x140513780	0	9	0x1405d64c0	0x1405d56f8	0x1405114d0
0x140513780	9	10	0x1405d56f8	0x1405d56d0	0x140510b58
0x140513780	10	11	0x1405d56d0	0x1405d56a8	0x140510b80
0x140513920	0	1	0x1405d64e0	0x1405d6508	0x1405139b0
0x140513920	1	2	0x1405d6508	0x1405d5bd0	0x14050f4f8
0x140513920	2	3	0x1405d5bd0	0x1405d5430	0x14050d770
0x140513920	3	4	0x1405d5430	0x1405d5410	0x14050d6e0
0x140513920	3	5	0x1405d5430	0x1405d53f0	0x14050d798
0x140513920	3	6	0x1405d5430	0x1405d5450	0x14050d7c0
0x140513920	2	7	0x1405d5bd0	0x1405d5bf8	0x14050f570
0x1405139d8	0	1	0x1405d6508	0x1405d5bd0	0x14050f4f8
0x1405139d8	1	2	0x1405d5bd0	0x1405d5430	0x14050d770
0x1405139d8	2	3	0x1405d5430	0x1405d5410	0x14050d6e0
0x1405139d8	2	4	0x1405d5430	0x1405d53f0	0x14050d798
0x1405139d8	2	5	0x1405d5430	0x1405d5450	0x14050d7c0
0x1405139d8	1	6	0x1405d5bd0	0x1405d5bf8	0x14050f570
0x140513ad0	0	1	0x1405d6528	0x1405d5c70	0x14050f7a0
0x140513ad0	1	2	0x1405d5c70	0x1405d5430	0x14050d770
0x140513ad0	2	3	0x1405d5430	0x1405d5410	0x14050d6e0
0x140513ad0	2	4	0x1405d5430	0x1405d53f0	0x14050d798
0x140513ad0	2	5	0x1405d5430	0x1405d5450	0x14050d7c0
0x140513bc0	0	1	0x1405d6550	0x1405d5c70	0x14050f7a0
0x140513bc0	1	2	0x1405d5c70	0x1405d5430	0x14050d770
0x140513bc0	2	3	0x1405d5430	0x1405d5410	0x14050d6e0
0x140513bc0	2	4	0x1405d5430	0x1405d53f0	0x14050d798
0x140513bc0	2	5	0x1405d5430	0x1405d5450	0x14050d7c0
0x140513cb0	0	1	0x1405d6578	0x1405d5c70	0x14050f7a0
0x140513cb0	1	2	0x1405d5c70	0x1405d5430	0x14050d770
0x140513cb0	2	3	0x1405d5430	0x1405d5410	0x14050d6e0
0x140513cb0	2	4	0x1405d5430	0x1405d53f0	0x14050d798
0x140513cb0	2	5	0x1405d5430	0x1405d5450	0x14050d7c0
0x140513da0	0	1	0x1405d65a0	0x1405d5c70	0x14050f7a0
0x140513da0	1	2	0x1405d5c70	0x1405d5430	0x14050d770
0x140513da0	2	3	0x1405d5430	0x1405d5410	0x14050d6e0
0x140513da0	2	4	0x1405d5430	0x1405d53f0	0x14050d798
0x140513da0	2	5	0x1405d5430	0x1405d5450	0x14050d7c0
0x140513e90	0	1	0x1405d65c8	0x1405d5c70	0x14050f7a0
0x140513e90	1	2	0x1405d5c70	0x1405d5430	0x14050d770
0x140513e90	2	3	0x1405d5430	0x1405d5410	0x14050d6e0
0x140513e90	2	4	0x1405d5430	0x1405d53f0	0x14050d798
0x140513e90	2	5	0x1405d5430	0x1405d5450	0x14050d7c0
0x140513f80	0	1	0x1405d65f0	0x1405d5c70	0x14050f7a0
0x140513f80	1	2	0x1405d5c70	0x1405d5430	0x14050d770
0x140513f80	2	3	0x1405d5430	0x1405d5410	0x14050d6e0
0x140513f80	2	4	0x1405d5430	0x1405d53f0	0x14050d798
0x140513f80	2	5	0x1405d5430	0x1405d5450	0x14050d7c0
0x140514070	0	1	0x1405d6618	0x1405d5c70	0x14050f7a0
0x140514070	1	2	0x1405d5c70	0x1405d5430	0x14050d770
0x140514070	2	3	0x1405d5430	0x1405d5410	0x14050d6e0
0x140514070	2	4	0x1405d5430	0x1405d53f0	0x14050d798
0x140514070	2	5	0x1405d5430	0x1405d5450	0x14050d7c0
0x140514160	0	1	0x1405d6640	0x1405d5bd0	0x14050f4f8
0x140514160	1	2	0x1405d5bd0	0x1405d5430	0x14050d770
0x140514160	2	3	0x1405d5430	0x1405d5410	0x14050d6e0
0x140514160	2	4	0x1405d5430	0x1405d53f0	0x14050d798
0x140514160	2	5	0x1405d5430	0x1405d5450	0x14050d7c0
0x140514160	1	6	0x1405d5bd0	0x1405d5bf8	0x14050f570
0x140514160	0	7	0x1405d6640	0x1405d5688	0x140510b08
0x140514160	7	8	0x1405d5688	0x1405d5668	0x140510b30
0x140514160	0	9	0x1405d6640	0x1405d56f8	0x1405114d0
0x140514160	9	10	0x1405d56f8	0x1405d56d0	0x140510b58
0x140514160	10	11	0x1405d56d0	0x1405d56a8	0x140510b80
0x140514300	0	1	0x1405d6660	0x1405d6640	0x1405141e8
0x140514300	1	2	0x1405d6640	0x1405d5bd0	0x14050f4f8
0x140514300	2	3	0x1405d5bd0	0x1405d5430	0x14050d770
0x140514300	3	4	0x1405d5430	0x1405d5410	0x14050d6e0
0x140514300	3	5	0x1405d5430	0x1405d53f0	0x14050d798
0x140514300	3	6	0x1405d5430	0x1405d5450	0x14050d7c0
0x140514300	2	7	0x1405d5bd0	0x1405d5bf8	0x14050f570
0x140514300	1	8	0x1405d6640	0x1405d5688	0x140510b08
0x140514300	8	9	0x1405d5688	0x1405d5668	0x140510b30
0x140514300	1	10	0x1405d6640	0x1405d56f8	0x1405114d0
0x140514300	10	11	0x1405d56f8	0x1405d56d0	0x140510b58
0x140514300	11	12	0x1405d56d0	0x1405d56a8	0x140510b80
0x1405144a8	0	1	0x1405d6688	0x1405d5c70	0x14050f7a0
0x1405144a8	1	2	0x1405d5c70	0x1405d5430	0x14050d770
0x1405144a8	2	3	0x1405d5430	0x1405d5410	0x14050d6e0
0x1405144a8	2	4	0x1405d5430	0x1405d53f0	0x14050d798
0x1405144a8	2	5	0x1405d5430	0x1405d5450	0x14050d7c0
0x140514598	0	1	0x1405d66b0	0x1405d5c70	0x14050f7a0
0x140514598	1	2	0x1405d5c70	0x1405d5430	0x14050d770
0x140514598	2	3	0x1405d5430	0x1405d5410	0x14050d6e0
0x140514598	2	4	0x1405d5430	0x1405d53f0	0x14050d798
0x140514598	2	5	0x1405d5430	0x1405d5450	0x14050d7c0
0x140514688	0	1	0x1405d66d8	0x1405d5c70	0x14050f7a0
0x140514688	1	2	0x1405d5c70	0x1405d5430	0x14050d770
0x140514688	2	3	0x1405d5430	0x1405d5410	0x14050d6e0
0x140514688	2	4	0x1405d5430	0x1405d53f0	0x14050d798
0x140514688	2	5	0x1405d5430	0x1405d5450	0x14050d7c0
0x140514778	0	1	0x1405d6700	0x1405d5c70	0x14050f7a0
0x140514778	1	2	0x1405d5c70	0x1405d5430	0x14050d770
0x140514778	2	3	0x1405d5430	0x1405d5410	0x14050d6e0
0x140514778	2	4	0x1405d5430	0x1405d53f0	0x14050d798
0x140514778	2	5	0x1405d5430	0x1405d5450	0x14050d7c0
0x140514868	0	1	0x1405d6728	0x1405d5c70	0x14050f7a0
0x140514868	1	2	0x1405d5c70	0x1405d5430	0x14050d770
0x140514868	2	3	0x1405d5430	0x1405d5410	0x14050d6e0
0x140514868	2	4	0x1405d5430	0x1405d53f0	0x14050d798
0x140514868	2	5	0x1405d5430	0x1405d5450	0x14050d7c0
0x140514958	0	1	0x1405d6750	0x1405d5c70	0x14050f7a0
0x140514958	1	2	0x1405d5c70	0x1405d5430	0x14050d770
0x140514958	2	3	0x1405d5430	0x1405d5410	0x14050d6e0
0x140514958	2	4	0x1405d5430	0x1405d53f0	0x14050d798
0x140514958	2	5	0x1405d5430	0x1405d5450	0x14050d7c0
0x140514a48	0	1	0x1405d6778	0x1405d5bd0	0x14050f4f8
0x140514a48	1	2	0x1405d5bd0	0x1405d5430	0x14050d770
0x140514a48	2	3	0x1405d5430	0x1405d5410	0x14050d6e0
0x140514a48	2	4	0x1405d5430	0x1405d53f0	0x14050d798
0x140514a48	2	5	0x1405d5430	0x1405d5450	0x14050d7c0
0x140514a48	1	6	0x1405d5bd0	0x1405d5bf8	0x14050f570
0x140514a48	0	7	0x1405d6778	0x1405d5688	0x140510b08
0x140514a48	7	8	0x1405d5688	0x1405d5668	0x140510b30
0x140514a48	0	9	0x1405d6778	0x1405d56f8	0x1405114d0
0x140514a48	9	10	0x1405d56f8	0x1405d56d0	0x140510b58
0x140514a48	10	11	0x1405d56d0	0x1405d56a8	0x140510b80
0x140514be0	0	1	0x1405d6798	0x1405d5c70	0x14050f7a0
0x140514be0	1	2	0x1405d5c70	0x1405d5430	0x14050d770
0x140514be0	2	3	0x1405d5430	0x1405d5410	0x14050d6e0
0x140514be0	2	4	0x1405d5430	0x1405d53f0	0x14050d798
0x140514be0	2	5	0x1405d5430	0x1405d5450	0x14050d7c0
0x140514cd0	0	1	0x1405d67c0	0x1405d5c70	0x14050f7a0
0x140514cd0	1	2	0x1405d5c70	0x1405d5430	0x14050d770
0x140514cd0	2	3	0x1405d5430	0x1405d5410	0x14050d6e0
0x140514cd0	2	4	0x1405d5430	0x1405d53f0	0x14050d798
0x140514cd0	2	5	0x1405d5430	0x1405d5450	0x14050d7c0
0x140514dc0	0	1	0x1405d67e8	0x1405d5bd0	0x14050f4f8
0x140514dc0	1	2	0x1405d5bd0	0x1405d5430	0x14050d770
0x140514dc0	2	3	0x1405d5430	0x1405d5410	0x14050d6e0
0x140514dc0	2	4	0x1405d5430	0x1405d53f0	0x14050d798
0x140514dc0	2	5	0x1405d5430	0x1405d5450	0x14050d7c0
0x140514dc0	1	6	0x1405d5bd0	0x1405d5bf8	0x14050f570
0x140514dc0	0	7	0x1405d67e8	0x1405d5688	0x140510b08
0x140514dc0	7	8	0x1405d5688	0x1405d5668	0x140510b30
0x140514dc0	0	9	0x1405d67e8	0x1405d56f8	0x1405114d0
0x140514dc0	9	10	0x1405d56f8	0x1405d56d0	0x140510b58
0x140514dc0	10	11	0x1405d56d0	0x1405d56a8	0x140510b80
0x140514f60	0	1	0x1405d6808	0x1405d5bd0	0x14050f4f8
0x140514f60	1	2	0x1405d5bd0	0x1405d5430	0x14050d770
0x140514f60	2	3	0x1405d5430	0x1405d5410	0x14050d6e0
0x140514f60	2	4	0x1405d5430	0x1405d53f0	0x14050d798
0x140514f60	2	5	0x1405d5430	0x1405d5450	0x14050d7c0
0x140514f60	1	6	0x1405d5bd0	0x1405d5bf8	0x14050f570
0x140515080	0	1	0x1405d6830	0x1405d5810	0x14050e668
0x140515080	1	2	0x1405d5810	0x1405d57f0	0x14050e5e0
0x140515080	1	3	0x1405d5810	0x1405d5450	0x14050e690
0x140515138	0	1	0x1405d6858	0x1405d5bd0	0x14050f4f8
0x140515138	1	2	0x1405d5bd0	0x1405d5430	0x14050d770
0x140515138	2	3	0x1405d5430	0x1405d5410	0x14050d6e0
0x140515138	2	4	0x1405d5430	0x1405d53f0	0x14050d798
0x140515138	2	5	0x1405d5430	0x1405d5450	0x14050d7c0
0x140515138	1	6	0x1405d5bd0	0x1405d5bf8	0x14050f570
0x140515138	0	7	0x1405d6858	0x1405d5688	0x140510b08
0x140515138	7	8	0x1405d5688	0x1405d5668	0x140510b30
0x140515138	0	9	0x1405d6858	0x1405d56f8	0x1405114d0
0x140515138	9	10	0x1405d56f8	0x1405d56d0	0x140510b58
0x140515138	10	11	0x1405d56d0	0x1405d56a8	0x140510b80
0x1405152d0	0	1	0x1405d6878	0x1405d5c70	0x14050f7a0
0x1405152d0	1	2	0x1405d5c70	0x1405d5430	0x14050d770
0x1405152d0	2	3	0x1405d5430	0x1405d5410	0x14050d6e0
0x1405152d0	2	4	0x1405d5430	0x1405d53f0	0x14050d798
0x1405152d0	2	5	0x1405d5430	0x1405d5450	0x14050d7c0
0x1405153c0	0	1	0x1405d68a0	0x1405d5c70	0x14050f7a0
0x1405153c0	1	2	0x1405d5c70	0x1405d5430	0x14050d770
0x1405153c0	2	3	0x1405d5430	0x1405d5410	0x14050d6e0
0x1405153c0	2	4	0x1405d5430	0x1405d53f0	0x14050d798
0x1405153c0	2	5	0x1405d5430	0x1405d5450	0x14050d7c0
0x1405154b0	0	1	0x1405d68c8	0x1405d5bd0	0x14050f4f8
0x1405154b0	1	2	0x1405d5bd0	0x1405d5430	0x14050d770
0x1405154b0	2	3	0x1405d5430	0x1405d5410	0x14050d6e0
0x1405154b0	2	4	0x1405d5430	0x1405d53f0	0x14050d798
0x1405154b0	2	5	0x1405d5430	0x1405d5450	0x14050d7c0
0x1405154b0	1	6	0x1405d5bd0	0x1405d5bf8	0x14050f570
0x1405154b0	0	7	0x1405d68c8	0x1405d5688	0x140510b08
0x1405154b0	7	8	0x1405d5688	0x1405d5668	0x140510b30
0x1405154b0	0	9	0x1405d68c8	0x1405d56f8	0x1405114d0
0x1405154b0	9	10	0x1405d56f8	0x1405d56d0	0x140510b58
0x1405154b0	10	11	0x1405d56d0	0x1405d56a8	0x140510b80
0x140515650	0	1	0x1405d68e8	0x1405d5bd0	0x14050f4f8
0x140515650	1	2	0x1405d5bd0	0x1405d5430	0x14050d770
0x140515650	2	3	0x1405d5430	0x1405d5410	0x14050d6e0
0x140515650	2	4	0x1405d5430	0x1405d53f0	0x14050d798
0x140515650	2	5	0x1405d5430	0x1405d5450	0x14050d7c0
0x140515650	1	6	0x1405d5bd0	0x1405d5bf8	0x14050f570
0x140515650	0	7	0x1405d68e8	0x1405d5688	0x140510b08
0x140515650	7	8	0x1405d5688	0x1405d5668	0x140510b30
0x140515650	0	9	0x1405d68e8	0x1405d56d0	0x140510b58
0x140515650	9	10	0x1405d56d0	0x1405d56a8	0x140510b80
0x1405157e8	0	1	0x1405d6908	0x1405d5c70	0x14050f7a0
0x1405157e8	1	2	0x1405d5c70	0x1405d5430	0x14050d770
0x1405157e8	2	3	0x1405d5430	0x1405d5410	0x14050d6e0
0x1405157e8	2	4	0x1405d5430	0x1405d53f0	0x14050d798
0x1405157e8	2	5	0x1405d5430	0x1405d5450	0x14050d7c0
0x1405158d8	0	1	0x1405d6930	0x1405d5c70	0x14050f7a0
0x1405158d8	1	2	0x1405d5c70	0x1405d5430	0x14050d770
0x1405158d8	2	3	0x1405d5430	0x1405d5410	0x14050d6e0
0x1405158d8	2	4	0x1405d5430	0x1405d53f0	0x14050d798
0x1405158d8	2	5	0x1405d5430	0x1405d5450	0x14050d7c0
0x1405159c8	0	1	0x1405d6958	0x1405d5c70	0x14050f7a0
0x1405159c8	1	2	0x1405d5c70	0x1405d5430	0x14050d770
0x1405159c8	2	3	0x1405d5430	0x1405d5410	0x14050d6e0
0x1405159c8	2	4	0x1405d5430	0x1405d53f0	0x14050d798
0x1405159c8	2	5	0x1405d5430	0x1405d5450	0x14050d7c0
0x140515ab8	0	1	0x1405d6980	0x1405d5c70	0x14050f7a0
0x140515ab8	1	2	0x1405d5c70	0x1405d5430	0x14050d770
0x140515ab8	2	3	0x1405d5430	0x1405d5410	0x14050d6e0
0x140515ab8	2	4	0x1405d5430	0x1405d53f0	0x14050d798
0x140515ab8	2	5	0x1405d5430	0x1405d5450	0x14050d7c0
0x140515ba8	0	1	0x1405d69a8	0x1405d5c70	0x14050f7a0
0x140515ba8	1	2	0x1405d5c70	0x1405d5430	0x14050d770
0x140515ba8	2	3	0x1405d5430	0x1405d5410	0x14050d6e0
0x140515ba8	2	4	0x1405d5430	0x1405d53f0	0x14050d798
0x140515ba8	2	5	0x1405d5430	0x1405d5450	0x14050d7c0
0x140515c98	0	1	0x1405d69d0	0x1405d5c70	0x14050f7a0
0x140515c98	1	2	0x1405d5c70	0x1405d5430	0x14050d770
0x140515c98	2	3	0x1405d5430	0x1405d5410	0x14050d6e0
0x140515c98	2	4	0x1405d5430	0x1405d53f0	0x14050d798
0x140515c98	2	5	0x1405d5430	0x1405d5450	0x14050d7c0
0x140515d88	0	1	0x1405d69f8	0x1405d5bd0	0x14050f4f8
0x140515d88	1	2	0x1405d5bd0	0x1405d5430	0x14050d770
0x140515d88	2	3	0x1405d5430	0x1405d5410	0x14050d6e0
0x140515d88	2	4	0x1405d5430	0x1405d53f0	0x14050d798
0x140515d88	2	5	0x1405d5430	0x1405d5450	0x14050d7c0
0x140515d88	1	6	0x1405d5bd0	0x1405d5bf8	0x14050f570
0x140515d88	0	7	0x1405d69f8	0x1405d5688	0x140510b08
0x140515d88	7	8	0x1405d5688	0x1405d5668	0x140510b30
0x140515d88	0	9	0x1405d69f8	0x1405d56d0	0x140510b58
0x140515d88	9	10	0x1405d56d0	0x1405d56a8	0x140510b80
0x140515f18	0	1	0x1405d6a18	0x1405d5c70	0x14050f7a0
0x140515f18	1	2	0x1405d5c70	0x1405d5430	0x14050d770
0x140515f18	2	3	0x1405d5430	0x1405d5410	0x14050d6e0
0x140515f18	2	4	0x1405d5430	0x1405d53f0	0x14050d798
0x140515f18	2	5	0x1405d5430	0x1405d5450	0x14050d7c0
0x140516008	0	1	0x1405d6a40	0x1405d5c70	0x14050f7a0
0x140516008	1	2	0x1405d5c70	0x1405d5430	0x14050d770
0x140516008	2	3	0x1405d5430	0x1405d5410	0x14050d6e0
0x140516008	2	4	0x1405d5430	0x1405d53f0	0x14050d798
0x140516008	2	5	0x1405d5430	0x1405d5450	0x14050d7c0
0x1405160f8	0	1	0x1405d6a68	0x1405d5c70	0x14050f7a0
0x1405160f8	1	2	0x1405d5c70	0x1405d5430	0x14050d770
0x1405160f8	2	3	0x1405d5430	0x1405d5410	0x14050d6e0
0x1405160f8	2	4	0x1405d5430	0x1405d53f0	0x14050d798
0x1405160f8	2	5	0x1405d5430	0x1405d5450	0x14050d7c0
0x1405161e8	0	1	0x1405d6a90	0x1405d5bd0	0x14050f4f8
0x1405161e8	1	2	0x1405d5bd0	0x1405d5430	0x14050d770
0x1405161e8	2	3	0x1405d5430	0x1405d5410	0x14050d6e0
0x1405161e8	2	4	0x1405d5430	0x1405d53f0	0x14050d798
0x1405161e8	2	5	0x1405d5430	0x1405d5450	0x14050d7c0
0x1405161e8	1	6	0x1405d5bd0	0x1405d5bf8	0x14050f570
0x1405161e8	0	7	0x1405d6a90	0x1405d5688	0x140510b08
0x1405161e8	7	8	0x1405d5688	0x1405d5668	0x140510b30
0x1405161e8	0	9	0x1405d6a90	0x1405d56f8	0x1405114d0
0x1405161e8	9	10	0x1405d56f8	0x1405d56d0	0x140510b58
0x1405161e8	10	11	0x1405d56d0	0x1405d56a8	0x140510b80
0x140516380	0	1	0x1405d6ab0	0x1405d5bd0	0x14050f4f8
0x140516380	1	2	0x1405d5bd0	0x1405d5430	0x14050d770
0x140516380	2	3	0x1405d5430	0x1405d5410	0x14050d6e0
0x140516380	2	4	0x1405d5430	0x1405d53f0	0x14050d798
0x140516380	2	5	0x1405d5430	0x1405d5450	0x14050d7c0
0x140516380	1	6	0x1405d5bd0	0x1405d5bf8	0x14050f570
0x140516380	0	7	0x1405d6ab0	0x1405d5688	0x140510b08
0x140516380	7	8	0x1405d5688	0x1405d5668	0x140510b30
0x140516380	0	9	0x1405d6ab0	0x1405d56d0	0x140510b58
0x140516380	9	10	0x1405d56d0	0x1405d56a8	0x140510b80
0x140516518	0	1	0x1405d6ad8	0x1405d5c70	0x14050f7a0
0x140516518	1	2	0x1405d5c70	0x1405d5430	0x14050d770
0x140516518	2	3	0x1405d5430	0x1405d5410	0x14050d6e0
0x140516518	2	4	0x1405d5430	0x1405d53f0	0x14050d798
0x140516518	2	5	0x1405d5430	0x1405d5450	0x14050d7c0
0x140516608	0	1	0x1405d6b00	0x1405d5c70	0x14050f7a0
0x140516608	1	2	0x1405d5c70	0x1405d5430	0x14050d770
0x140516608	2	3	0x1405d5430	0x1405d5410	0x14050d6e0
0x140516608	2	4	0x1405d5430	0x1405d53f0	0x14050d798
0x140516608	2	5	0x1405d5430	0x1405d5450	0x14050d7c0
0x1405166f8	0	1	0x1405d6b28	0x1405d5c70	0x14050f7a0
0x1405166f8	1	2	0x1405d5c70	0x1405d5430	0x14050d770
0x1405166f8	2	3	0x1405d5430	0x1405d5410	0x14050d6e0
0x1405166f8	2	4	0x1405d5430	0x1405d53f0	0x14050d798
0x1405166f8	2	5	0x1405d5430	0x1405d5450	0x14050d7c0
0x1405167e8	0	1	0x1405d6b50	0x1405d5c70	0x14050f7a0
0x1405167e8	1	2	0x1405d5c70	0x1405d5430	0x14050d770
0x1405167e8	2	3	0x1405d5430	0x1405d5410	0x14050d6e0
0x1405167e8	2	4	0x1405d5430	0x1405d53f0	0x14050d798
0x1405167e8	2	5	0x1405d5430	0x1405d5450	0x14050d7c0
0x1405168d8	0	1	0x1405d6b78	0x1405d5c70	0x14050f7a0
0x1405168d8	1	2	0x1405d5c70	0x1405d5430	0x14050d770
0x1405168d8	2	3	0x1405d5430	0x1405d5410	0x14050d6e0
0x1405168d8	2	4	0x1405d5430	0x1405d53f0	0x14050d798
0x1405168d8	2	5	0x1405d5430	0x1405d5450	0x14050d7c0
0x1405169c8	0	1	0x1405d6ba0	0x1405d5c70	0x14050f7a0
0x1405169c8	1	2	0x1405d5c70	0x1405d5430	0x14050d770
0x1405169c8	2	3	0x1405d5430	0x1405d5410	0x14050d6e0
0x1405169c8	2	4	0x1405d5430	0x1405d53f0	0x14050d798
0x1405169c8	2	5	0x1405d5430	0x1405d5450	0x14050d7c0
0x140516ab8	0	1	0x1405d6bc8	0x1405d5c70	0x14050f7a0
0x140516ab8	1	2	0x1405d5c70	0x1405d5430	0x14050d770
0x140516ab8	2	3	0x1405d5430	0x1405d5410	0x14050d6e0
0x140516ab8	2	4	0x1405d5430	0x1405d53f0	0x14050d798
0x140516ab8	2	5	0x1405d5430	0x1405d5450	0x14050d7c0
0x140516ba8	0	1	0x1405d6bf0	0x1405d5c70	0x14050f7a0
0x140516ba8	1	2	0x1405d5c70	0x1405d5430	0x14050d770
0x140516ba8	2	3	0x1405d5430	0x1405d5410	0x14050d6e0
0x140516ba8	2	4	0x1405d5430	0x1405d53f0	0x14050d798
0x140516ba8	2	5	0x1405d5430	0x1405d5450	0x14050d7c0
0x140516c98	0	1	0x1405d6c18	0x1405d5c70	0x14050f7a0
0x140516c98	1	2	0x1405d5c70	0x1405d5430	0x14050d770
0x140516c98	2	3	0x1405d5430	0x1405d5410	0x14050d6e0
0x140516c98	2	4	0x1405d5430	0x1405d53f0	0x14050d798
0x140516c98	2	5	0x1405d5430	0x1405d5450	0x14050d7c0
0x140516d88	0	1	0x1405d6c40	0x1405d5c70	0x14050f7a0
0x140516d88	1	2	0x1405d5c70	0x1405d5430	0x14050d770
0x140516d88	2	3	0x1405d5430	0x1405d5410	0x14050d6e0
0x140516d88	2	4	0x1405d5430	0x1405d53f0	0x14050d798
0x140516d88	2	5	0x1405d5430	0x1405d5450	0x14050d7c0
0x140516e78	0	1	0x1405d6c68	0x1405d5c70	0x14050f7a0
0x140516e78	1	2	0x1405d5c70	0x1405d5430	0x14050d770
0x140516e78	2	3	0x1405d5430	0x1405d5410	0x14050d6e0
0x140516e78	2	4	0x1405d5430	0x1405d53f0	0x14050d798
0x140516e78	2	5	0x1405d5430	0x1405d5450	0x14050d7c0
0x140516f68	0	1	0x1405d6c90	0x1405d5c70	0x14050f7a0
0x140516f68	1	2	0x1405d5c70	0x1405d5430	0x14050d770
0x140516f68	2	3	0x1405d5430	0x1405d5410	0x14050d6e0
0x140516f68	2	4	0x1405d5430	0x1405d53f0	0x14050d798
0x140516f68	2	5	0x1405d5430	0x1405d5450	0x14050d7c0
0x140517058	0	1	0x1405d6cb8	0x1405d5c70	0x14050f7a0
0x140517058	1	2	0x1405d5c70	0x1405d5430	0x14050d770
0x140517058	2	3	0x1405d5430	0x1405d5410	0x14050d6e0
0x140517058	2	4	0x1405d5430	0x1405d53f0	0x14050d798
0x140517058	2	5	0x1405d5430	0x1405d5450	0x14050d7c0
0x140517148	0	1	0x1405d6ce0	0x1405d5c70	0x14050f7a0
0x140517148	1	2	0x1405d5c70	0x1405d5430	0x14050d770
0x140517148	2	3	0x1405d5430	0x1405d5410	0x14050d6e0
0x140517148	2	4	0x1405d5430	0x1405d53f0	0x14050d798
0x140517148	2	5	0x1405d5430	0x1405d5450	0x14050d7c0
0x140517238	0	1	0x1405d6d00	0x1405d5c70	0x14050f7a0
0x140517238	1	2	0x1405d5c70	0x1405d5430	0x14050d770
0x140517238	2	3	0x1405d5430	0x1405d5410	0x14050d6e0
0x140517238	2	4	0x1405d5430	0x1405d53f0	0x14050d798
0x140517238	2	5	0x1405d5430	0x1405d5450	0x14050d7c0
0x140517418	0	1	0x1405d6d98	0x1405d6d70	0x1405173c8
0x140517498	0	1	0x1405d6dc0	0x1405d5c70	0x14050f7a0
0x140517498	1	2	0x1405d5c70	0x1405d5430	0x14050d770
0x140517498	2	3	0x1405d5430	0x1405d5410	0x14050d6e0
0x140517498	2	4	0x1405d5430	0x1405d53f0	0x14050d798
0x140517498	2	5	0x1405d5430	0x1405d5450	0x14050d7c0
0x140517588	0	1	0x1405d6de8	0x1405d5c70	0x14050f7a0
0x140517588	1	2	0x1405d5c70	0x1405d5430	0x14050d770
0x140517588	2	3	0x1405d5430	0x1405d5410	0x14050d6e0
0x140517588	2	4	0x1405d5430	0x1405d53f0	0x14050d798
0x140517588	2	5	0x1405d5430	0x1405d5450	0x14050d7c0
0x140517678	0	1	0x1405d6e10	0x1405d5410	0x14050d6e0
0x140517770	0	1	0x1405d6e58	0x1405d6e38	0x140517720
0x1405178c0	0	1	0x1405d6eb8	0x1405d6e78	0x140517870
0x1405178c0	1	2	0x1405d6e78	0x1405d5410	0x14050d6e0
0x140517948	0	1	0x1405d6ed8	0x1405d6e78	0x140517870
0x140517948	1	2	0x1405d6e78	0x1405d5410	0x14050d6e0
0x140517b38	0	1	0x1405d6f20	0x1405d5410	0x14050d6e0
0x140517bb8	0	1	0x1405d6f50	0x1405d5410	0x14050d6e0
0x140517d78	0	1	0x1405d6fa8	0x1405d6f80	0x140517d28
0x140517df8	0	1	0x1405d6fd0	0x1405d5c70	0x14050f7a0
0x140517df8	1	2	0x1405d5c70	0x1405d5430	0x14050d770
0x140517df8	2	3	0x1405d5430	0x1405d5410	0x14050d6e0
0x140517df8	2	4	0x1405d5430	0x1405d53f0	0x14050d798
0x140517df8	2	5	0x1405d5430	0x1405d5450	0x14050d7c0
0x140517ee8	0	1	0x1405d6ff8	0x1405d5c70	0x14050f7a0
0x140517ee8	1	2	0x1405d5c70	0x1405d5430	0x14050d770
0x140517ee8	2	3	0x1405d5430	0x1405d5410	0x14050d6e0
0x140517ee8	2	4	0x1405d5430	0x1405d53f0	0x14050d798
0x140517ee8	2	5	0x1405d5430	0x1405d5450	0x14050d7c0
0x140517fd8	0	1	0x1405d7020	0x1405d5c70	0x14050f7a0
0x140517fd8	1	2	0x1405d5c70	0x1405d5430	0x14050d770
0x140517fd8	2	3	0x1405d5430	0x1405d5410	0x14050d6e0
0x140517fd8	2	4	0x1405d5430	0x1405d53f0	0x14050d798
0x140517fd8	2	5	0x1405d5430	0x1405d5450	0x14050d7c0
0x1405180c8	0	1	0x1405d7048	0x1405d5c70	0x14050f7a0
0x1405180c8	1	2	0x1405d5c70	0x1405d5430	0x14050d770
0x1405180c8	2	3	0x1405d5430	0x1405d5410	0x14050d6e0
0x1405180c8	2	4	0x1405d5430	0x1405d53f0	0x14050d798
0x1405180c8	2	5	0x1405d5430	0x1405d5450	0x14050d7c0
0x1405181b8	0	1	0x1405d7070	0x1405d5c70	0x14050f7a0
0x1405181b8	1	2	0x1405d5c70	0x1405d5430	0x14050d770
0x1405181b8	2	3	0x1405d5430	0x1405d5410	0x14050d6e0
0x1405181b8	2	4	0x1405d5430	0x1405d53f0	0x14050d798
0x1405181b8	2	5	0x1405d5430	0x1405d5450	0x14050d7c0
0x1405182a8	0	1	0x1405d7098	0x1405d5c70	0x14050f7a0
0x1405182a8	1	2	0x1405d5c70	0x1405d5430	0x14050d770
0x1405182a8	2	3	0x1405d5430	0x1405d5410	0x14050d6e0
0x1405182a8	2	4	0x1405d5430	0x1405d53f0	0x14050d798
0x1405182a8	2	5	0x1405d5430	0x1405d5450	0x14050d7c0
0x140518398	0	1	0x1405d70c0	0x1405d5c70	0x14050f7a0
0x140518398	1	2	0x1405d5c70	0x1405d5430	0x14050d770
0x140518398	2	3	0x1405d5430	0x1405d5410	0x14050d6e0
0x140518398	2	4	0x1405d5430	0x1405d53f0	0x14050d798
0x140518398	2	5	0x1405d5430	0x1405d5450	0x14050d7c0
0x140518488	0	1	0x1405d70e8	0x1405d5c70	0x14050f7a0
0x140518488	1	2	0x1405d5c70	0x1405d5430	0x14050d770
0x140518488	2	3	0x1405d5430	0x1405d5410	0x14050d6e0
0x140518488	2	4	0x1405d5430	0x1405d53f0	0x14050d798
0x140518488	2	5	0x1405d5430	0x1405d5450	0x14050d7c0
0x140518578	0	1	0x1405d7110	0x1405d5c70	0x14050f7a0
0x140518578	1	2	0x1405d5c70	0x1405d5430	0x14050d770
0x140518578	2	3	0x1405d5430	0x1405d5410	0x14050d6e0
0x140518578	2	4	0x1405d5430	0x1405d53f0	0x14050d798
0x140518578	2	5	0x1405d5430	0x1405d5450	0x14050d7c0
0x140518668	0	1	0x1405d7138	0x1405d5c70	0x14050f7a0
0x140518668	1	2	0x1405d5c70	0x1405d5430	0x14050d770
0x140518668	2	3	0x1405d5430	0x1405d5410	0x14050d6e0
0x140518668	2	4	0x1405d5430	0x1405d53f0	0x14050d798
0x140518668	2	5	0x1405d5430	0x1405d5450	0x14050d7c0
0x140518758	0	1	0x1405d7160	0x1405d5c70	0x14050f7a0
0x140518758	1	2	0x1405d5c70	0x1405d5430	0x14050d770
0x140518758	2	3	0x1405d5430	0x1405d5410	0x14050d6e0
0x140518758	2	4	0x1405d5430	0x1405d53f0	0x14050d798
0x140518758	2	5	0x1405d5430	0x1405d5450	0x14050d7c0
0x140518848	0	1	0x1405d7188	0x1405d5c70	0x14050f7a0
0x140518848	1	2	0x1405d5c70	0x1405d5430	0x14050d770
0x140518848	2	3	0x1405d5430	0x1405d5410	0x14050d6e0
0x140518848	2	4	0x1405d5430	0x1405d53f0	0x14050d798
0x140518848	2	5	0x1405d5430	0x1405d5450	0x14050d7c0
0x140518938	0	1	0x1405d71b0	0x1405d5c70	0x14050f7a0
0x140518938	1	2	0x1405d5c70	0x1405d5430	0x14050d770
0x140518938	2	3	0x1405d5430	0x1405d5410	0x14050d6e0
0x140518938	2	4	0x1405d5430	0x1405d53f0	0x14050d798
0x140518938	2	5	0x1405d5430	0x1405d5450	0x14050d7c0
0x140518a28	0	1	0x1405d71d8	0x1405d5c70	0x14050f7a0
0x140518a28	1	2	0x1405d5c70	0x1405d5430	0x14050d770
0x140518a28	2	3	0x1405d5430	0x1405d5410	0x14050d6e0
0x140518a28	2	4	0x1405d5430	0x1405d53f0	0x14050d798
0x140518a28	2	5	0x1405d5430	0x1405d5450	0x14050d7c0
0x140518b18	0	1	0x1405d7200	0x1405d5c70	0x14050f7a0
0x140518b18	1	2	0x1405d5c70	0x1405d5430	0x14050d770
0x140518b18	2	3	0x1405d5430	0x1405d5410	0x14050d6e0
0x140518b18	2	4	0x1405d5430	0x1405d53f0	0x14050d798
0x140518b18	2	5	0x1405d5430	0x1405d5450	0x14050d7c0
0x140518c08	0	1	0x1405d7228	0x1405d5c70	0x14050f7a0
0x140518c08	1	2	0x1405d5c70	0x1405d5430	0x14050d770
0x140518c08	2	3	0x1405d5430	0x1405d5410	0x14050d6e0
0x140518c08	2	4	0x1405d5430	0x1405d53f0	0x14050d798
0x140518c08	2	5	0x1405d5430	0x1405d5450	0x14050d7c0
0x140518cf8	0	1	0x1405d7250	0x1405d5c70	0x14050f7a0
0x140518cf8	1	2	0x1405d5c70	0x1405d5430	0x14050d770
0x140518cf8	2	3	0x1405d5430	0x1405d5410	0x14050d6e0
0x140518cf8	2	4	0x1405d5430	0x1405d53f0	0x14050d798
0x140518cf8	2	5	0x1405d5430	0x1405d5450	0x14050d7c0
0x140518de8	0	1	0x1405d7278	0x1405d5c70	0x14050f7a0
0x140518de8	1	2	0x1405d5c70	0x1405d5430	0x14050d770
0x140518de8	2	3	0x1405d5430	0x1405d5410	0x14050d6e0
0x140518de8	2	4	0x1405d5430	0x1405d53f0	0x14050d798
0x140518de8	2	5	0x1405d5430	0x1405d5450	0x14050d7c0
0x140518ed8	0	1	0x1405d72a0	0x1405d5c70	0x14050f7a0
0x140518ed8	1	2	0x1405d5c70	0x1405d5430	0x14050d770
0x140518ed8	2	3	0x1405d5430	0x1405d5410	0x14050d6e0
0x140518ed8	2	4	0x1405d5430	0x1405d53f0	0x14050d798
0x140518ed8	2	5	0x1405d5430	0x1405d5450	0x14050d7c0
0x140518fc8	0	1	0x1405d72c8	0x1405d5c70	0x14050f7a0
0x140518fc8	1	2	0x1405d5c70	0x1405d5430	0x14050d770
0x140518fc8	2	3	0x1405d5430	0x1405d5410	0x14050d6e0
0x140518fc8	2	4	0x1405d5430	0x1405d53f0	0x14050d798
0x140518fc8	2	5	0x1405d5430	0x1405d5450	0x14050d7c0
0x1405190b8	0	1	0x1405d72f0	0x1405d5c70	0x14050f7a0
0x1405190b8	1	2	0x1405d5c70	0x1405d5430	0x14050d770
0x1405190b8	2	3	0x1405d5430	0x1405d5410	0x14050d6e0
0x1405190b8	2	4	0x1405d5430	0x1405d53f0	0x14050d798
0x1405190b8	2	5	0x1405d5430	0x1405d5450	0x14050d7c0
0x1405191a8	0	1	0x1405d7318	0x1405d5c70	0x14050f7a0
0x1405191a8	1	2	0x1405d5c70	0x1405d5430	0x14050d770
0x1405191a8	2	3	0x1405d5430	0x1405d5410	0x14050d6e0
0x1405191a8	2	4	0x1405d5430	0x1405d53f0	0x14050d798
0x1405191a8	2	5	0x1405d5430	0x1405d5450	0x14050d7c0
0x140519388	0	1	0x1405d7398	0x1405d73b8	0x140519408
0x140519388	1	2	0x1405d73b8	0x1405d5430	0x14050d770
0x140519388	2	3	0x1405d5430	0x1405d5410	0x14050d6e0
0x140519388	2	4	0x1405d5430	0x1405d53f0	0x14050d798
0x140519388	2	5	0x1405d5430	0x1405d5450	0x14050d7c0
0x140519388	1	6	0x1405d73b8	0x1405d73d8	0x140519480
0x140519430	0	1	0x1405d73b8	0x1405d5430	0x14050d770
0x140519430	1	2	0x1405d5430	0x1405d5410	0x14050d6e0
0x140519430	1	3	0x1405d5430	0x1405d53f0	0x14050d798
0x140519430	1	4	0x1405d5430	0x1405d5450	0x14050d7c0
0x140519430	0	5	0x1405d73b8	0x1405d73d8	0x140519480
0x140519598	0	1	0x1405d73f8	0x1405d73b8	0x140519408
0x140519598	1	2	0x1405d73b8	0x1405d5430	0x14050d770
0x140519598	2	3	0x1405d5430	0x1405d5410	0x14050d6e0
0x140519598	2	4	0x1405d5430	0x1405d53f0	0x14050d798
0x140519598	2	5	0x1405d5430	0x1405d5450	0x14050d7c0
0x140519598	1	6	0x1405d73b8	0x1405d73d8	0x140519480
0x1405196b8	0	1	0x1405d7418	0x1405d73b8	0x140519408
0x1405196b8	1	2	0x1405d73b8	0x1405d5430	0x14050d770
0x1405196b8	2	3	0x1405d5430	0x1405d5410	0x14050d6e0
0x1405196b8	2	4	0x1405d5430	0x1405d53f0	0x14050d798
0x1405196b8	2	5	0x1405d5430	0x1405d5450	0x14050d7c0
0x1405196b8	1	6	0x1405d73b8	0x1405d73d8	0x140519480
0x1405197d8	0	1	0x1405d7438	0x1405d73b8	0x140519408
0x1405197d8	1	2	0x1405d73b8	0x1405d5430	0x14050d770
0x1405197d8	2	3	0x1405d5430	0x1405d5410	0x14050d6e0
0x1405197d8	2	4	0x1405d5430	0x1405d53f0	0x14050d798
0x1405197d8	2	5	0x1405d5430	0x1405d5450	0x14050d7c0
0x1405197d8	1	6	0x1405d73b8	0x1405d73d8	0x140519480
0x1405199c0	0	1	0x1405d7460	0x1405d5430	0x14050d770
0x1405199c0	1	2	0x1405d5430	0x1405d5410	0x14050d6e0
0x1405199c0	1	3	0x1405d5430	0x1405d53f0	0x14050d798
0x1405199c0	1	4	0x1405d5430	0x1405d5450	0x14050d7c0
0x140519aa8	0	1	0x1405d7488	0x1405d7460	0x140519a08
0x140519aa8	1	2	0x1405d7460	0x1405d5430	0x14050d770
0x140519aa8	2	3	0x1405d5430	0x1405d5410	0x14050d6e0
0x140519aa8	2	4	0x1405d5430	0x1405d53f0	0x14050d798
0x140519aa8	2	5	0x1405d5430	0x1405d5450	0x14050d7c0
0x140519b98	0	1	0x1405d74b0	0x1405d7460	0x140519a08
0x140519b98	1	2	0x1405d7460	0x1405d5430	0x14050d770
0x140519b98	2	3	0x1405d5430	0x1405d5410	0x14050d6e0
0x140519b98	2	4	0x1405d5430	0x1405d53f0	0x14050d798
0x140519b98	2	5	0x1405d5430	0x1405d5450	0x14050d7c0
0x140519c88	0	1	0x1405d74d8	0x1405d7460	0x140519a08
0x140519c88	1	2	0x1405d7460	0x1405d5430	0x14050d770
0x140519c88	2	3	0x1405d5430	0x1405d5410	0x14050d6e0
0x140519c88	2	4	0x1405d5430	0x1405d53f0	0x14050d798
0x140519c88	2	5	0x1405d5430	0x1405d5450	0x14050d7c0
0x140519d78	0	1	0x1405d7500	0x1405d7460	0x140519a08
0x140519d78	1	2	0x1405d7460	0x1405d5430	0x14050d770
0x140519d78	2	3	0x1405d5430	0x1405d5410	0x14050d6e0
0x140519d78	2	4	0x1405d5430	0x1405d53f0	0x14050d798
0x140519d78	2	5	0x1405d5430	0x1405d5450	0x14050d7c0
0x140519e68	0	1	0x1405d7528	0x1405d5410	0x14050d6e0
0x140519ee8	0	1	0x1405d7548	0x1405d7460	0x140519a08
0x140519ee8	1	2	0x1405d7460	0x1405d5430	0x14050d770
0x140519ee8	2	3	0x1405d5430	0x1405d5410	0x14050d6e0
0x140519ee8	2	4	0x1405d5430	0x1405d53f0	0x14050d798
0x140519ee8	2	5	0x1405d5430	0x1405d5450	0x14050d7c0
0x140519fd8	0	1	0x1405d7568	0x1405d7460	0x140519a08
0x140519fd8	1	2	0x1405d7460	0x1405d5430	0x14050d770
0x140519fd8	2	3	0x1405d5430	0x1405d5410	0x14050d6e0
0x140519fd8	2	4	0x1405d5430	0x1405d53f0	0x14050d798
0x140519fd8	2	5	0x1405d5430	0x1405d5450	0x14050d7c0
0x14051a0c8	0	1	0x1405d7590	0x1405d7460	0x140519a08
0x14051a0c8	1	2	0x1405d7460	0x1405d5430	0x14050d770
0x14051a0c8	2	3	0x1405d5430	0x1405d5410	0x14050d6e0
0x14051a0c8	2	4	0x1405d5430	0x1405d53f0	0x14050d798
0x14051a0c8	2	5	0x1405d5430	0x1405d5450	0x14050d7c0
0x14051a1b8	0	1	0x1405d75b8	0x1405d7460	0x140519a08
0x14051a1b8	1	2	0x1405d7460	0x1405d5430	0x14050d770
0x14051a1b8	2	3	0x1405d5430	0x1405d5410	0x14050d6e0
0x14051a1b8	2	4	0x1405d5430	0x1405d53f0	0x14050d798
0x14051a1b8	2	5	0x1405d5430	0x1405d5450	0x14050d7c0
0x14051a2a8	0	1	0x1405d75e0	0x1405d7460	0x140519a08
0x14051a2a8	1	2	0x1405d7460	0x1405d5430	0x14050d770
0x14051a2a8	2	3	0x1405d5430	0x1405d5410	0x14050d6e0
0x14051a2a8	2	4	0x1405d5430	0x1405d53f0	0x14050d798
0x14051a2a8	2	5	0x1405d5430	0x1405d5450	0x14050d7c0
0x14051a398	0	1	0x1405d7610	0x1405d7460	0x140519a08
0x14051a398	1	2	0x1405d7460	0x1405d5430	0x14050d770
0x14051a398	2	3	0x1405d5430	0x1405d5410	0x14050d6e0
0x14051a398	2	4	0x1405d5430	0x1405d53f0	0x14050d798
0x14051a398	2	5	0x1405d5430	0x1405d5450	0x14050d7c0
0x14051a488	0	1	0x1405d7638	0x1405d7460	0x140519a08
0x14051a488	1	2	0x1405d7460	0x1405d5430	0x14050d770
0x14051a488	2	3	0x1405d5430	0x1405d5410	0x14050d6e0
0x14051a488	2	4	0x1405d5430	0x1405d53f0	0x14050d798
0x14051a488	2	5	0x1405d5430	0x1405d5450	0x14050d7c0
0x14051a578	0	1	0x1405d7660	0x1405d7460	0x140519a08
0x14051a578	1	2	0x1405d7460	0x1405d5430	0x14050d770
0x14051a578	2	3	0x1405d5430	0x1405d5410	0x14050d6e0
0x14051a578	2	4	0x1405d5430	0x1405d53f0	0x14050d798
0x14051a578	2	5	0x1405d5430	0x1405d5450	0x14050d7c0
0x14051a668	0	1	0x1405d7688	0x1405d7460	0x140519a08
0x14051a668	1	2	0x1405d7460	0x1405d5430	0x14050d770
0x14051a668	2	3	0x1405d5430	0x1405d5410	0x14050d6e0
0x14051a668	2	4	0x1405d5430	0x1405d53f0	0x14050d798
0x14051a668	2	5	0x1405d5430	0x1405d5450	0x14050d7c0
0x14051a758	0	1	0x1405d76b0	0x1405d7460	0x140519a08
0x14051a758	1	2	0x1405d7460	0x1405d5430	0x14050d770
0x14051a758	2	3	0x1405d5430	0x1405d5410	0x14050d6e0
0x14051a758	2	4	0x1405d5430	0x1405d53f0	0x14050d798
0x14051a758	2	5	0x1405d5430	0x1405d5450	0x14050d7c0
0x14051a848	0	1	0x1405d76d8	0x1405d5410	0x14050d6e0
0x14051a9f8	0	1	0x1405d7770	0x1405d7720	0x14051a940
0x14051a9f8	1	2	0x1405d7720	0x1405d7700	0x14051a8d8
0x14051a9f8	2	3	0x1405d7700	0x1405d76d8	0x14051a878
0x14051a9f8	3	4	0x1405d76d8	0x1405d5410	0x14050d6e0
0x14051aa90	0	1	0x1405d7798	0x1405d7748	0x14051a9a8
0x14051aa90	1	2	0x1405d7748	0x1405d7700	0x14051a8d8
0x14051aa90	2	3	0x1405d7700	0x1405d76d8	0x14051a878
0x14051aa90	3	4	0x1405d76d8	0x1405d5410	0x14050d6e0
0x14051ab28	0	1	0x1405d77c0	0x1405d7720	0x14051a940
0x14051ab28	1	2	0x1405d7720	0x1405d7700	0x14051a8d8
0x14051ab28	2	3	0x1405d7700	0x1405d76d8	0x14051a878
0x14051ab28	3	4	0x1405d76d8	0x1405d5410	0x14050d6e0
0x14051abc0	0	1	0x1405d77e8	0x1405d7748	0x14051a9a8
0x14051abc0	1	2	0x1405d7748	0x1405d7700	0x14051a8d8
0x14051abc0	2	3	0x1405d7700	0x1405d76d8	0x14051a878
0x14051abc0	3	4	0x1405d76d8	0x1405d5410	0x14050d6e0
0x14051ac58	0	1	0x1405d7810	0x1405d7720	0x14051a940
0x14051ac58	1	2	0x1405d7720	0x1405d7700	0x14051a8d8
0x14051ac58	2	3	0x1405d7700	0x1405d76d8	0x14051a878
0x14051ac58	3	4	0x1405d76d8	0x1405d5410	0x14050d6e0
0x14051acf0	0	1	0x1405d7838	0x1405d7748	0x14051a9a8
0x14051acf0	1	2	0x1405d7748	0x1405d7700	0x14051a8d8
0x14051acf0	2	3	0x1405d7700	0x1405d76d8	0x14051a878
0x14051acf0	3	4	0x1405d76d8	0x1405d5410	0x14050d6e0
0x14051ad88	0	1	0x1405d7860	0x1405d7720	0x14051a940
0x14051ad88	1	2	0x1405d7720	0x1405d7700	0x14051a8d8
0x14051ad88	2	3	0x1405d7700	0x1405d76d8	0x14051a878
0x14051ad88	3	4	0x1405d76d8	0x1405d5410	0x14050d6e0
0x14051ae20	0	1	0x1405d7888	0x1405d7748	0x14051a9a8
0x14051ae20	1	2	0x1405d7748	0x1405d7700	0x14051a8d8
0x14051ae20	2	3	0x1405d7700	0x1405d76d8	0x14051a878
0x14051ae20	3	4	0x1405d76d8	0x1405d5410	0x14050d6e0
0x14051aeb8	0	1	0x1405d78b0	0x1405d7720	0x14051a940
0x14051aeb8	1	2	0x1405d7720	0x1405d7700	0x14051a8d8
0x14051aeb8	2	3	0x1405d7700	0x1405d76d8	0x14051a878
0x14051aeb8	3	4	0x1405d76d8	0x1405d5410	0x14050d6e0
0x14051af50	0	1	0x1405d78d8	0x1405d7748	0x14051a9a8
0x14051af50	1	2	0x1405d7748	0x1405d7700	0x14051a8d8
0x14051af50	2	3	0x1405d7700	0x1405d76d8	0x14051a878
0x14051af50	3	4	0x1405d76d8	0x1405d5410	0x14050d6e0
0x14051afe8	0	1	0x1405d7900	0x1405d7720	0x14051a940
0x14051afe8	1	2	0x1405d7720	0x1405d7700	0x14051a8d8
0x14051afe8	2	3	0x1405d7700	0x1405d76d8	0x14051a878
0x14051afe8	3	4	0x1405d76d8	0x1405d5410	0x14050d6e0
0x14051b080	0	1	0x1405d7928	0x1405d7748	0x14051a9a8
0x14051b080	1	2	0x1405d7748	0x1405d7700	0x14051a8d8
0x14051b080	2	3	0x1405d7700	0x1405d76d8	0x14051a878
0x14051b080	3	4	0x1405d76d8	0x1405d5410	0x14050d6e0
0x14051b190	0	1	0x1405d7970	0x1405d54c8	0x14050d9a8
0x14051b378	0	1	0x1405d7a00	0x1405d61f0	0x140512350
0x14051b470	0	1	0x1405d7a50	0x1405d7950	0x14051b140
0x14051b4f0	0	1	0x1405d7a78	0x1405d7950	0x14051b140
0x14051b570	0	1	0x1405d7aa0	0x1405d7950	0x14051b140
0x14051b5f0	0	1	0x1405d7ac8	0x1405d7af0	0x14051b648
0x14051b760	0	1	0x1405d7b40	0x1405d7950	0x14051b140
0x14051b7e0	0	1	0x1405d7b68	0x1405d7950	0x14051b140
0x14051b860	0	1	0x1405d7b90	0x1405d7950	0x14051b140
0x14051b8e0	0	1	0x1405d7bb8	0x1405d55a8	0x14050dc40
0x14051b960	0	1	0x1405d7be0	0x1405d7bb8	0x14051b910
0x14051b960	1	2	0x1405d7bb8	0x1405d55a8	0x14050dc40
0x14051b9e8	0	1	0x1405d7c08	0x1405d55a8	0x14050dc40
0x14051ba68	0	1	0x1405d7c30	0x1405d55a8	0x14050dc40
0x14051bae8	0	1	0x1405d7c58	0x1405d7950	0x14051b140
0x14051bb68	0	1	0x1405d7c80	0x1405d7950	0x14051b140
0x14051bc60	0	1	0x1405d7cd0	0x1405d7950	0x14051b140
0x14051bce0	0	1	0x1405d7cf8	0x1405d7950	0x14051b140
0x14051bd60	0	1	0x1405d7d20	0x1405d59d8	0x14050ed50
0x14051bd60	1	2	0x1405d59d8	0x1405d59b8	0x14050ecc0
0x14051bd60	1	3	0x1405d59d8	0x1405d5990	0x14050ed78
0x14051bd60	3	4	0x1405d5990	0x1405d5968	0x14050eda0
0x14051be20	0	1	0x1405d7d48	0x1405d5410	0x14050d6e0
0x14051bfb8	0	1	0x1405d7d70	0x1405d5410	0x14050d6e0
0x14051c038	0	1	0x1405d7d98	0x1405d5410	0x14050d6e0
0x14051c130	0	1	0x1405d7db8	0x1405d5430	0x14050d770
0x14051c130	1	2	0x1405d5430	0x1405d5410	0x14050d6e0
0x14051c130	1	3	0x1405d5430	0x1405d53f0	0x14050d798
0x14051c130	1	4	0x1405d5430	0x1405d5450	0x14050d7c0
0x14051c130	0	5	0x1405d7db8	0x1405d6d20	0x14051c1a8
0x14051c270	0	1	0x1405d7de0	0x1405d5430	0x14050d770
0x14051c270	1	2	0x1405d5430	0x1405d5410	0x14050d6e0
0x14051c270	1	3	0x1405d5430	0x1405d53f0	0x14050d798
0x14051c270	1	4	0x1405d5430	0x1405d5450	0x14050d7c0
0x14051c270	0	5	0x1405d7de0	0x1405d6d20	0x14051c1a8
0x14051c388	0	1	0x1405d7e08	0x1405d5430	0x14050d770
0x14051c388	1	2	0x1405d5430	0x1405d5410	0x14050d6e0
0x14051c388	1	3	0x1405d5430	0x1405d53f0	0x14050d798
0x14051c388	1	4	0x1405d5430	0x1405d5450	0x14050d7c0
0x14051c470	0	1	0x1405d7e30	0x1405d5430	0x14050d770
0x14051c470	1	2	0x1405d5430	0x1405d5410	0x14050d6e0
0x14051c470	1	3	0x1405d5430	0x1405d53f0	0x14050d798
0x14051c470	1	4	0x1405d5430	0x1405d5450	0x14050d7c0
0x14051c470	0	5	0x1405d7e30	0x1405d6d20	0x14051c1a8
0x14051c588	0	1	0x1405d7e58	0x1405d5430	0x14050d770
0x14051c588	1	2	0x1405d5430	0x1405d5410	0x14050d6e0
0x14051c588	1	3	0x1405d5430	0x1405d53f0	0x14050d798
0x14051c588	1	4	0x1405d5430	0x1405d5450	0x14050d7c0
0x14051c588	0	5	0x1405d7e58	0x1405d6d20	0x14051c1a8
0x14051c6a0	0	1	0x1405d7e80	0x1405d5430	0x14050d770
0x14051c6a0	1	2	0x1405d5430	0x1405d5410	0x14050d6e0
0x14051c6a0	1	3	0x1405d5430	0x1405d53f0	0x14050d798
0x14051c6a0	1	4	0x1405d5430	0x1405d5450	0x14050d7c0
0x14051c6a0	0	5	0x1405d7e80	0x1405d6d20	0x14051c1a8
0x14051c7b8	0	1	0x1405d7eb0	0x1405d5410	0x14050d6e0
0x14051c7b8	0	2	0x1405d7eb0	0x1405d6d20	0x14051c818
0x14051c890	0	1	0x1405d7ed8	0x1405d5430	0x14050d770
0x14051c890	1	2	0x1405d5430	0x1405d5410	0x14050d6e0
0x14051c890	1	3	0x1405d5430	0x1405d53f0	0x14050d798
0x14051c890	1	4	0x1405d5430	0x1405d5450	0x14050d7c0
0x14051c890	0	5	0x1405d7ed8	0x1405d6d20	0x14051c1a8
0x14051c9a8	0	1	0x1405d7f00	0x1405d5430	0x14050d770
0x14051c9a8	1	2	0x1405d5430	0x1405d5410	0x14050d6e0
0x14051c9a8	1	3	0x1405d5430	0x1405d53f0	0x14050d798
0x14051c9a8	1	4	0x1405d5430	0x1405d5450	0x14050d7c0
0x14051c9a8	0	5	0x1405d7f00	0x1405d6d20	0x14051c1a8
0x14051cac0	0	1	0x1405d7f28	0x1405d5430	0x14050d770
0x14051cac0	1	2	0x1405d5430	0x1405d5410	0x14050d6e0
0x14051cac0	1	3	0x1405d5430	0x1405d53f0	0x14050d798
0x14051cac0	1	4	0x1405d5430	0x1405d5450	0x14050d7c0
0x14051cac0	0	5	0x1405d7f28	0x1405d6d20	0x14051c1a8
0x14051cbd8	0	1	0x1405d7f50	0x1405d5430	0x14050d770
0x14051cbd8	1	2	0x1405d5430	0x1405d5410	0x14050d6e0
0x14051cbd8	1	3	0x1405d5430	0x1405d53f0	0x14050d798
0x14051cbd8	1	4	0x1405d5430	0x1405d5450	0x14050d7c0
0x14051cbd8	0	5	0x1405d7f50	0x1405d6d20	0x14051c1a8
0x14051ccf0	0	1	0x1405d7f78	0x1405d5430	0x14050d770
0x14051ccf0	1	2	0x1405d5430	0x1405d5410	0x14050d6e0
0x14051ccf0	1	3	0x1405d5430	0x1405d53f0	0x14050d798
0x14051ccf0	1	4	0x1405d5430	0x1405d5450	0x14050d7c0
0x14051ccf0	0	5	0x1405d7f78	0x1405d6d20	0x14051c1a8
0x14051ce08	0	1	0x1405d7fa0	0x1405d5430	0x14050d770
0x14051ce08	1	2	0x1405d5430	0x1405d5410	0x14050d6e0
0x14051ce08	1	3	0x1405d5430	0x1405d53f0	0x14050d798
0x14051ce08	1	4	0x1405d5430	0x1405d5450	0x14050d7c0
0x14051ce08	0	5	0x1405d7fa0	0x1405d6d20	0x14051c1a8
0x14051cf20	0	1	0x1405d7fc8	0x1405d5430	0x14050d770
0x14051cf20	1	2	0x1405d5430	0x1405d5410	0x14050d6e0
0x14051cf20	1	3	0x1405d5430	0x1405d53f0	0x14050d798
0x14051cf20	1	4	0x1405d5430	0x1405d5450	0x14050d7c0
0x14051cf20	0	5	0x1405d7fc8	0x1405d6d20	0x14051c1a8
0x14051d038	0	1	0x1405d7ff0	0x1405d5430	0x14050d770
0x14051d038	1	2	0x1405d5430	0x1405d5410	0x14050d6e0
0x14051d038	1	3	0x1405d5430	0x1405d53f0	0x14050d798
0x14051d038	1	4	0x1405d5430	0x1405d5450	0x14050d7c0
0x14051d038	0	5	0x1405d7ff0	0x1405d6d20	0x14051c1a8
0x14051d150	0	1	0x1405d8018	0x1405d5bd0	0x14050f4f8
0x14051d150	1	2	0x1405d5bd0	0x1405d5430	0x14050d770
0x14051d150	2	3	0x1405d5430	0x1405d5410	0x14050d6e0
0x14051d150	2	4	0x1405d5430	0x1405d53f0	0x14050d798
0x14051d150	2	5	0x1405d5430	0x1405d5450	0x14050d7c0
0x14051d150	1	6	0x1405d5bd0	0x1405d5bf8	0x14050f570
0x14051d150	0	7	0x1405d8018	0x1405d6d20	0x14051d1e0
0x14051d2d0	0	1	0x1405d8040	0x1405d5430	0x14050d770
0x14051d2d0	1	2	0x1405d5430	0x1405d5410	0x14050d6e0
0x14051d2d0	1	3	0x1405d5430	0x1405d53f0	0x14050d798
0x14051d2d0	1	4	0x1405d5430	0x1405d5450	0x14050d7c0
0x14051d2d0	0	5	0x1405d8040	0x1405d6d20	0x14051c1a8
0x14051d3e8	0	1	0x1405d8068	0x1405d5410	0x14050d6e0
0x14051d3e8	0	2	0x1405d8068	0x1405d6d20	0x14051c818
0x14051d498	0	1	0x1405d8090	0x1405d5bd0	0x14050f4f8
0x14051d498	1	2	0x1405d5bd0	0x1405d5430	0x14050d770
0x14051d498	2	3	0x1405d5430	0x1405d5410	0x14050d6e0
0x14051d498	2	4	0x1405d5430	0x1405d53f0	0x14050d798
0x14051d498	2	5	0x1405d5430	0x1405d5450	0x14050d7c0
0x14051d498	1	6	0x1405d5bd0	0x1405d5bf8	0x14050f570
0x14051d498	0	7	0x1405d8090	0x1405d6d20	0x14051d1e0
0x14051d5e8	0	1	0x1405d80b8	0x1405d5430	0x14050d770
0x14051d5e8	1	2	0x1405d5430	0x1405d5410	0x14050d6e0
0x14051d5e8	1	3	0x1405d5430	0x1405d53f0	0x14050d798
0x14051d5e8	1	4	0x1405d5430	0x1405d5450	0x14050d7c0
0x14051d5e8	0	5	0x1405d80b8	0x1405d6d20	0x14051c1a8
0x14051d700	0	1	0x1405d80e0	0x1405d5bd0	0x14050f4f8
0x14051d700	1	2	0x1405d5bd0	0x1405d5430	0x14050d770
0x14051d700	2	3	0x1405d5430	0x1405d5410	0x14050d6e0
0x14051d700	2	4	0x1405d5430	0x1405d53f0	0x14050d798
0x14051d700	2	5	0x1405d5430	0x1405d5450	0x14050d7c0
0x14051d700	1	6	0x1405d5bd0	0x1405d5bf8	0x14050f570
0x14051d700	0	7	0x1405d80e0	0x1405d6d20	0x14051d1e0
0x14051d858	0	1	0x1405d8108	0x1405d5430	0x14050d770
0x14051d858	1	2	0x1405d5430	0x1405d5410	0x14050d6e0
0x14051d858	1	3	0x1405d5430	0x1405d53f0	0x14050d798
0x14051d858	1	4	0x1405d5430	0x1405d5450	0x14050d7c0
0x14051d858	0	5	0x1405d8108	0x1405d6d20	0x14051c1a8
0x14051d970	0	1	0x1405d8130	0x1405d5430	0x14050d770
0x14051d970	1	2	0x1405d5430	0x1405d5410	0x14050d6e0
0x14051d970	1	3	0x1405d5430	0x1405d53f0	0x14050d798
0x14051d970	1	4	0x1405d5430	0x1405d5450	0x14050d7c0
0x14051d970	0	5	0x1405d8130	0x1405d6d20	0x14051c1a8
0x14051da88	0	1	0x1405d8158	0x1405d5430	0x14050d770
0x14051da88	1	2	0x1405d5430	0x1405d5410	0x14050d6e0
0x14051da88	1	3	0x1405d5430	0x1405d53f0	0x14050d798
0x14051da88	1	4	0x1405d5430	0x1405d5450	0x14050d7c0
0x14051da88	0	5	0x1405d8158	0x1405d6d20	0x14051c1a8
0x14051dba0	0	1	0x1405d8180	0x1405d5410	0x14050d6e0
0x14051dba0	0	2	0x1405d8180	0x1405d6d20	0x14051c818
0x14051dc50	0	1	0x1405d81a8	0x1405d5430	0x14050d770
0x14051dc50	1	2	0x1405d5430	0x1405d5410	0x14050d6e0
0x14051dc50	1	3	0x1405d5430	0x1405d53f0	0x14050d798
0x14051dc50	1	4	0x1405d5430	0x1405d5450	0x14050d7c0
0x14051dc50	0	5	0x1405d81a8	0x1405d6d20	0x14051c1a8
0x14051dd68	0	1	0x1405d81d0	0x1405d5430	0x14050d770
0x14051dd68	1	2	0x1405d5430	0x1405d5410	0x14050d6e0
0x14051dd68	1	3	0x1405d5430	0x1405d53f0	0x14050d798
0x14051dd68	1	4	0x1405d5430	0x1405d5450	0x14050d7c0
0x14051dd68	0	5	0x1405d81d0	0x1405d6d20	0x14051c1a8
0x14051de80	0	1	0x1405d81f8	0x1405d5430	0x14050d770
0x14051de80	1	2	0x1405d5430	0x1405d5410	0x14050d6e0
0x14051de80	1	3	0x1405d5430	0x1405d53f0	0x14050d798
0x14051de80	1	4	0x1405d5430	0x1405d5450	0x14050d7c0
0x14051de80	0	5	0x1405d81f8	0x1405d6d20	0x14051c1a8
0x14051df98	0	1	0x1405d8220	0x1405d81f8	0x14051ded0
0x14051df98	1	2	0x1405d81f8	0x1405d5430	0x14050d770
0x14051df98	2	3	0x1405d5430	0x1405d5410	0x14050d6e0
0x14051df98	2	4	0x1405d5430	0x1405d53f0	0x14050d798
0x14051df98	2	5	0x1405d5430	0x1405d5450	0x14050d7c0
0x14051df98	1	6	0x1405d81f8	0x1405d6d20	0x14051c1a8
0x14051e0b8	0	1	0x1405d8248	0x1405d5430	0x14050d770
0x14051e0b8	1	2	0x1405d5430	0x1405d5410	0x14050d6e0
0x14051e0b8	1	3	0x1405d5430	0x1405d53f0	0x14050d798
0x14051e0b8	1	4	0x1405d5430	0x1405d5450	0x14050d7c0
0x14051e0b8	0	5	0x1405d8248	0x1405d6d20	0x14051c1a8
0x14051e1d0	0	1	0x1405d8270	0x1405d5430	0x14050d770
0x14051e1d0	1	2	0x1405d5430	0x1405d5410	0x14050d6e0
0x14051e1d0	1	3	0x1405d5430	0x1405d53f0	0x14050d798
0x14051e1d0	1	4	0x1405d5430	0x1405d5450	0x14050d7c0
0x14051e1d0	0	5	0x1405d8270	0x1405d6d20	0x14051c1a8
0x14051e2e8	0	1	0x1405d8298	0x1405d5430	0x14050d770
0x14051e2e8	1	2	0x1405d5430	0x1405d5410	0x14050d6e0
0x14051e2e8	1	3	0x1405d5430	0x1405d53f0	0x14050d798
0x14051e2e8	1	4	0x1405d5430	0x1405d5450	0x14050d7c0
0x14051e2e8	0	5	0x1405d8298	0x1405d6d20	0x14051c1a8
0x14051e400	0	1	0x1405d82c0	0x1405d5430	0x14050d770
0x14051e400	1	2	0x1405d5430	0x1405d5410	0x14050d6e0
0x14051e400	1	3	0x1405d5430	0x1405d53f0	0x14050d798
0x14051e400	1	4	0x1405d5430	0x1405d5450	0x14050d7c0
0x14051e4e8	0	1	0x1405d82f0	0x1405d5410	0x14050d6e0
0x14051e4e8	0	2	0x1405d82f0	0x1405d6d20	0x14051c818
0x14051e610	0	1	0x1405d8338	0x1405d5410	0x14050d6e0
0x14051e690	0	1	0x1405d8360	0x1405d5410	0x14050d6e0
0x14051e710	0	1	0x1405d8388	0x1405d5410	0x14050d6e0
0x14051e790	0	1	0x1405d83b0	0x1405d5410	0x14050d6e0
0x14051e810	0	1	0x1405d83d8	0x1405d5410	0x14050d6e0
0x14051e890	0	1	0x1405d8400	0x1405d5410	0x14050d6e0
0x14051e910	0	1	0x1405d8428	0x1405d5410	0x14050d6e0
0x14051e990	0	1	0x1405d8450	0x1405d5410	0x14050d6e0
0x14051ea10	0	1	0x1405d8478	0x1405d5410	0x14050d6e0
0x14051ea90	0	1	0x1405d84a0	0x1405d5410	0x14050d6e0
0x14051eb10	0	1	0x1405d84c8	0x1405d5410	0x14050d6e0
0x14051eb90	0	1	0x1405d84f0	0x1405d5410	0x14050d6e0
0x14051ec10	0	1	0x1405d8518	0x1405d5410	0x14050d6e0
0x14051ec90	0	1	0x1405d8540	0x1405d5410	0x14050d6e0
0x14051ed10	0	1	0x1405d8568	0x1405d5410	0x14050d6e0
0x14051ed90	0	1	0x1405d8590	0x1405d5410	0x14050d6e0
0x14051ee10	0	1	0x1405d85b8	0x1405d5410	0x14050d6e0
0x14051ee90	0	1	0x1405d85e0	0x1405d5410	0x14050d6e0
0x14051ef10	0	1	0x1405d8608	0x1405d5410	0x14050d6e0
0x14051ef90	0	1	0x1405d8630	0x1405d5410	0x14050d6e0
0x14051f010	0	1	0x1405d8658	0x1405d5410	0x14050d6e0
0x14051f090	0	1	0x1405d8680	0x1405d5410	0x14050d6e0
0x14051f110	0	1	0x1405d86a8	0x1405d5410	0x14050d6e0
0x14051f190	0	1	0x1405d86d0	0x1405d5410	0x14050d6e0
0x14051f210	0	1	0x1405d86f8	0x1405d5410	0x14050d6e0
0x14051f290	0	1	0x1405d8718	0x1405d5410	0x14050d6e0
0x14051f310	0	1	0x1405d8740	0x1405d5410	0x14050d6e0
0x14051f390	0	1	0x1405d8768	0x1405d5410	0x14050d6e0
0x14051f410	0	1	0x1405d8790	0x1405d5410	0x14050d6e0
0x14051f490	0	1	0x1405d87b8	0x1405d5410	0x14050d6e0
0x14051f510	0	1	0x1405d87e0	0x1405d5410	0x14050d6e0
0x14051f590	0	1	0x1405d8808	0x1405d5410	0x14050d6e0
0x14051f610	0	1	0x1405d8830	0x1405d5410	0x14050d6e0
0x14051f690	0	1	0x1405d8858	0x1405d5410	0x14050d6e0
0x14051f710	0	1	0x1405d8880	0x1405d5410	0x14050d6e0
0x14051f790	0	1	0x1405d88a8	0x1405d5410	0x14050d6e0
0x14051f810	0	1	0x1405d88d0	0x1405d5410	0x14050d6e0
0x14051f890	0	1	0x1405d88f8	0x1405d5410	0x14050d6e0
0x14051f910	0	1	0x1405d8920	0x1405d5410	0x14050d6e0
0x14051f990	0	1	0x1405d8948	0x1405d5410	0x14050d6e0
0x14051fa10	0	1	0x1405d8970	0x1405d5410	0x14050d6e0
0x14051fa90	0	1	0x1405d8998	0x1405d5410	0x14050d6e0
0x14051fb10	0	1	0x1405d89c0	0x1405d5410	0x14050d6e0
0x14051fb90	0	1	0x1405d89e0	0x1405d5410	0x14050d6e0
0x14051fc10	0	1	0x1405d8a08	0x1405d5410	0x14050d6e0
0x14051fc90	0	1	0x1405d8a30	0x1405d5410	0x14050d6e0
0x14051fd38	0	1	0x1405d8a58	0x1405d55a8	0x14050dc40
0x14051fdb8	0	1	0x1405d8a80	0x1405d5410	0x14050d6e0
0x14051fe38	0	1	0x1405d8aa8	0x1405d76d8	0x14051a878
0x14051fe38	1	2	0x1405d76d8	0x1405d5410	0x14050d6e0
0x14051ff38	0	1	0x1405d8af0	0x1405d8ac8	0x14051fee8
0x14051ffb8	0	1	0x1405d8b18	0x1405d76d8	0x14051a878
0x14051ffb8	1	2	0x1405d76d8	0x1405d5410	0x14050d6e0
0x140520040	0	1	0x1405d8b40	0x1405d5990	0x14050ec48
0x140520040	1	2	0x1405d5990	0x1405d5968	0x14050ebc8
0x140520140	0	1	0x1405d8b88	0x1405d8b60	0x1405200f0
0x140520238	0	1	0x1405d8bd0	0x1405d8bb0	0x1405201e8
0x1405202b8	0	1	0x1405d8bf8	0x1405d8bb0	0x1405201e8
0x140520338	0	1	0x1405d8c20	0x1405d8bb0	0x1405201e8
0x1405203b8	0	1	0x1405d8c48	0x1405d8bb0	0x1405201e8
0x140520438	0	1	0x1405d8c70	0x1405d8bb0	0x1405201e8
0x1405204b8	0	1	0x1405d8c90	0x1405d8bb0	0x1405201e8
0x140520538	0	1	0x1405d8cb8	0x1405d8bb0	0x1405201e8
0x1405205b8	0	1	0x1405d8ce0	0x1405d8bb0	0x1405201e8
0x140520638	0	1	0x1405d8d08	0x1405d8bb0	0x1405201e8
0x1405206b8	0	1	0x1405d8d30	0x1405d8bb0	0x1405201e8
0x140520738	0	1	0x1405d8d58	0x1405d8bb0	0x1405201e8
0x1405207b8	0	1	0x1405d8d80	0x1405d8bb0	0x1405201e8
0x140520838	0	1	0x1405d8da8	0x1405d8bb0	0x1405201e8
0x1405208b8	0	1	0x1405d8dc8	0x1405d76d8	0x14051a878
0x1405208b8	1	2	0x1405d76d8	0x1405d5410	0x14050d6e0
0x140520aa8	0	1	0x1405d8e28	0x1405d8e50	0x140520a58
0x140520b28	0	1	0x1405d8e78	0x1405d8e28	0x140520ad8
0x140520b28	1	2	0x1405d8e28	0x1405d8e50	0x140520a58
