derived_type_va	base_type_va	derived	base
0x1405d51c0	0x1405d5180	.?AVReadRequest@AsyncIOThread@?A0xdf511c96@@	.?AVRequest@AsyncIOThread@?A0xdf511c96@@
0x1405d5200	0x1405d5220	gfxClut	gfxTexture
0x1405d5268	0x1405d5148	.?AVPCFullMotionVideoManager@DMC3@@	.?AVFullMotionVideoManager@DMC3@@
0x1405d52d8	0x1405d5248	.?AUIMMNotificationClient@DMC3@@	IUnknown
0x1405d5310	0x1405d52a0	.?AUPlaySoundStreamVoiceContext@DMC3@@	.?AUIXAudio2VoiceCallback@DMC3@@
0x1405d5348	0x1405d5118	.?AVPCFullMotionVideo@DMC3@@	.?AVFullMotionVideo@DMC3@@
0x1405d5348	0x1405d52d8	.?AVPCFullMotionVideo@DMC3@@	.?AUIMMNotificationClient@DMC3@@
0x1405d5378	0x1405d5220	PCRenderTarget	gfxTexture
0x1405d53c8	0x1405d53a0	PCCriticalSection	nbCriticalSection
0x1405d5430	0x1405d53f0	CActor	IActor
0x1405d5430	0x1405d5410	CActor	CWork
0x1405d5430	0x1405d5450	CActor	ICollisionHandle
0x1405d5478	0x1405d5410	CAfterImage	CWork
0x1405d54e8	0x1405d54a0	CSceneFactoryApp	ISceneFactory
0x1405d5510	0x1405d54c8	CSceneMgrRoot	CSceneMgr
0x1405d5580	0x1405d55a8	CCameraRailBase	CCamera
0x1405d55c8	0x1405d5580	CCameraPan	CCameraRailBase
0x1405d55f0	0x1405d5580	CCameraRail	CCameraRailBase
0x1405d5618	0x1405d5580	CCameraRailW	CCameraRailBase
0x1405d5640	0x1405d5580	CCameraRel	CCameraRailBase
0x1405d5688	0x1405d5668	CCom	ICom
0x1405d56d0	0x1405d56a8	IComAction	IComActionState
0x1405d56f8	0x1405d56d0	CComAction	IComAction
0x1405d5720	0x1405d5688	CComEm000	CCom
0x1405d5720	0x1405d56d0	CComEm000	IComAction
0x1405d5740	0x1405d5688	CComEm005	CCom
0x1405d5740	0x1405d56d0	CComEm005	IComAction
0x1405d5760	0x1405d5688	CComEm006	CCom
0x1405d5760	0x1405d56d0	CComEm006	IComAction
0x1405d5780	0x1405d5688	CComEm008	CCom
0x1405d5780	0x1405d56d0	CComEm008	IComAction
0x1405d5810	0x1405d5450	CDamage	ICollisionHandle
0x1405d5810	0x1405d57f0	CDamage	IDamage
0x1405d5830	0x1405d5810	CDamageDeath	CDamage
0x1405d5858	0x1405d5810	CDamageMulti	CDamage
0x1405d5880	0x1405d5810	CDamageIndex	CDamage
0x1405d58d0	0x1405d58a8	CDamageCalc	IDamageCalc
0x1405d58f8	0x1405d5410	CDemoProg	CWork
0x1405d5940	0x1405d5918	CDifficult	IDifficult
0x1405d5990	0x1405d5968	CDrawOperate	IDrawOperate
0x1405d59d8	0x1405d5990	CDraw	CDrawOperate
0x1405d59d8	0x1405d59b8	CDraw	IDraw
0x1405d59f8	0x1405d5990	CDrawSCM	CDrawOperate
0x1405d59f8	0x1405d59b8	CDrawSCM	IDraw
0x1405d5a40	0x1405d5a18	CDrawCrush	IDrawCrush
0x1405d5a90	0x1405d5a68	CDrawShadow	IDrawShadow
0x1405d5ad8	0x1405d5ab8	CDrawUV	IDrawUV
0x1405d5af8	0x1405d5410	CEfc	CWork
0x1405d5b18	0x1405d5af8	CEfcCartridge	CEfc
0x1405d5b40	0x1405d5af8	CEfcPub	CEfc
0x1405d5b60	0x1405d5af8	CEfcShadow	CEfc
0x1405d5b88	0x1405d5ba8	CEm000	CNonPlayerDeath
0x1405d5ba8	0x1405d5bd0	CNonPlayerDeath	CNonPlayer
0x1405d5ba8	0x1405d5c20	CNonPlayerDeath	INonPlayerDeath
0x1405d5bd0	0x1405d5430	CNonPlayer	CActor
0x1405d5bd0	0x1405d5bf8	CNonPlayer	INonPlayer
0x1405d5c48	0x1405d5c70	CEm000Shl00	CShell
0x1405d5c70	0x1405d5430	CShell	CActor
0x1405d5c90	0x1405d5c70	CEm000Shl01	CShell
0x1405d5cb8	0x1405d5ba8	CEm001	CNonPlayerDeath
0x1405d5cd8	0x1405d5ba8	CEm002	CNonPlayerDeath
0x1405d5cf8	0x1405d5ba8	CEm003	CNonPlayerDeath
0x1405d5d18	0x1405d5ba8	CEm004	CNonPlayerDeath
0x1405d5d38	0x1405d5ba8	CEm005	CNonPlayerDeath
0x1405d5d58	0x1405d5c70	CEm005Shl00	CShell
0x1405d5da8	0x1405d5d80	CCnsChain	CConstraint
0x1405d5dc8	0x1405d5bd0	CEm005Shl01	CNonPlayer
0x1405d5df0	0x1405d5ba8	CEm006	CNonPlayerDeath
0x1405d5e10	0x1405d5c70	CEm006Shl00	CShell
0x1405d5e38	0x1405d5ba8	CEm007	CNonPlayerDeath
0x1405d5e58	0x1405d5d80	CCnsDirPos	CConstraint
0x1405d5e80	0x1405d5ba8	CEm008	CNonPlayerDeath
0x1405d5ea0	0x1405d5d80	CCnsRandom	CConstraint
0x1405d5ec8	0x1405d5d80	CCnsIK	CConstraint
0x1405d5ee8	0x1405d5d80	CCnsMatrix	CConstraint
0x1405d5f10	0x1405d5688	CEm010	CCom
0x1405d5f10	0x1405d56d0	CEm010	IComAction
0x1405d5f10	0x1405d5bd0	CEm010	CNonPlayer
0x1405d5f30	0x1405d5bd0	CEm010Baby	CNonPlayer
0x1405d5f58	0x1405d5c70	CEm010Shl00	CShell
0x1405d5f80	0x1405d5c70	CEm010Shl01	CShell
0x1405d5fa8	0x1405d5688	CEm011	CCom
0x1405d5fa8	0x1405d56d0	CEm011	IComAction
0x1405d5fa8	0x1405d5bd0	CEm011	CNonPlayer
0x1405d5fc8	0x1405d5c70	CEm011Shl00	CShell
0x1405d6018	0x1405d5688	CEm012	CCom
0x1405d6018	0x1405d56d0	CEm012	IComAction
0x1405d6018	0x1405d5bd0	CEm012	CNonPlayer
0x1405d6038	0x1405d5688	CEm013	CCom
0x1405d6038	0x1405d56f8	CEm013	CComAction
0x1405d6038	0x1405d5bd0	CEm013	CNonPlayer
0x1405d6058	0x1405d5688	CEm014	CCom
0x1405d6058	0x1405d56f8	CEm014	CComAction
0x1405d6058	0x1405d5bd0	CEm014	CNonPlayer
0x1405d6078	0x1405d5c70	CEm014Shl00	CShell
0x1405d60a0	0x1405d5c70	CEm014Shl01	CShell
0x1405d60c8	0x1405d5688	CEm016	CCom
0x1405d60c8	0x1405d56f8	CEm016	CComAction
0x1405d60c8	0x1405d5bd0	CEm016	CNonPlayer
0x1405d60e8	0x1405d5688	CEm017	CCom
0x1405d60e8	0x1405d56f8	CEm017	CComAction
0x1405d60e8	0x1405d5bd0	CEm017	CNonPlayer
0x1405d6108	0x1405d5bd0	CEm017Master	CNonPlayer
0x1405d6130	0x1405d5c70	CEm017Shl00	CShell
0x1405d6158	0x1405d5c70	CEm019Shl00	CShell
0x1405d6180	0x1405d5c70	CEm020Shl00	CShell
0x1405d61a8	0x1405d60e8	CEm021	CEm017
0x1405d61c8	0x1405d5c70	CEm022Shl00	CShell
0x1405d6218	0x1405d61f0	CLight	CChainNode
0x1405d6238	0x1405d5688	CEm023Body	CCom
0x1405d6238	0x1405d56d0	CEm023Body	IComAction
0x1405d6238	0x1405d5bd0	CEm023Body	CNonPlayer
0x1405d6260	0x1405d5810	CDamageEm023	CDamage
0x1405d6288	0x1405d5688	CEm023	CCom
0x1405d6288	0x1405d56d0	CEm023	IComAction
0x1405d6288	0x1405d5bd0	CEm023	CNonPlayer
0x1405d62a8	0x1405d5c70	CEm023Shl00	CShell
0x1405d62d0	0x1405d5c70	CEm023Shl01	CShell
0x1405d62f8	0x1405d5c70	CEm023Shl02	CShell
0x1405d6320	0x1405d5c70	CEm023Shl03	CShell
0x1405d6348	0x1405d5c70	CEm023Shl04	CShell
0x1405d6370	0x1405d5c70	CEm023Shl05	CShell
0x1405d6398	0x1405d5688	CEm025	CCom
0x1405d6398	0x1405d56d0	CEm025	IComAction
0x1405d6398	0x1405d5bd0	CEm025	CNonPlayer
0x1405d63b8	0x1405d5c70	CEm025Shl00	CShell
0x1405d63e0	0x1405d5c70	CEm025Shl01	CShell
0x1405d6408	0x1405d5c70	CEm025Shl02	CShell
0x1405d6430	0x1405d5688	CEm026	CCom
0x1405d6430	0x1405d56f8	CEm026	CComAction
0x1405d6430	0x1405d5bd0	CEm026	CNonPlayer
0x1405d6450	0x1405d5bd0	CEm026Shl00	CNonPlayer
0x1405d6478	0x1405d5bd0	CEm026Shl01	CNonPlayer
0x1405d64a0	0x1405d5688	CEm027	CCom
0x1405d64a0	0x1405d56f8	CEm027	CComAction
0x1405d64a0	0x1405d5bd0	CEm027	CNonPlayer
0x1405d64c0	0x1405d5688	CEm028	CCom
0x1405d64c0	0x1405d56f8	CEm028	CComAction
0x1405d64c0	0x1405d5bd0	CEm028	CNonPlayer
0x1405d64e0	0x1405d6508	CEm028Shl00	CShell2
0x1405d6508	0x1405d5bd0	CShell2	CNonPlayer
0x1405d6528	0x1405d5c70	CEm028Shl01	CShell
0x1405d6550	0x1405d5c70	CEm028Shl02	CShell
0x1405d6578	0x1405d5c70	CEm028Shl03	CShell
0x1405d65a0	0x1405d5c70	CEm028Shl04	CShell
0x1405d65c8	0x1405d5c70	CEm028Shl05	CShell
0x1405d65f0	0x1405d5c70	CEm028Shl06	CShell
0x1405d6618	0x1405d5c70	CEm028Shl07	CShell
0x1405d6640	0x1405d5688	CEm029	CCom
0x1405d6640	0x1405d56f8	CEm029	CComAction
0x1405d6640	0x1405d5bd0	CEm029	CNonPlayer
0x1405d6660	0x1405d6640	CEm029Cart	CEm029
0x1405d6688	0x1405d5c70	CEm029Shl00	CShell
0x1405d66b0	0x1405d5c70	CEm029Shl01	CShell
0x1405d66d8	0x1405d5c70	CEm029Shl02	CShell
0x1405d6700	0x1405d5c70	CEm029Shl03	CShell
0x1405d6728	0x1405d5c70	CEm029Shl04	CShell
0x1405d6750	0x1405d5c70	CEm029Shl05	CShell
0x1405d6778	0x1405d5688	CEm030	CCom
0x1405d6778	0x1405d56f8	CEm030	CComAction
0x1405d6778	0x1405d5bd0	CEm030	CNonPlayer
0x1405d6798	0x1405d5c70	CEm030Shl00	CShell
0x1405d67c0	0x1405d5c70	CEm030Shl01	CShell
0x1405d67e8	0x1405d5688	CEm031	CCom
0x1405d67e8	0x1405d56f8	CEm031	CComAction
0x1405d67e8	0x1405d5bd0	CEm031	CNonPlayer
0x1405d6808	0x1405d5bd0	CEm031Shl00	CNonPlayer
0x1405d6830	0x1405d5810	CDamageHaine2	CDamage
0x1405d6858	0x1405d5688	CEm032	CCom
0x1405d6858	0x1405d56f8	CEm032	CComAction
0x1405d6858	0x1405d5bd0	CEm032	CNonPlayer
0x1405d6878	0x1405d5c70	CEm032Shl00	CShell
0x1405d68a0	0x1405d5c70	CEm032Shl01	CShell
0x1405d68c8	0x1405d5688	CEm033	CCom
0x1405d68c8	0x1405d56f8	CEm033	CComAction
0x1405d68c8	0x1405d5bd0	CEm033	CNonPlayer
0x1405d68e8	0x1405d5688	CEm034	CCom
0x1405d68e8	0x1405d56d0	CEm034	IComAction
0x1405d68e8	0x1405d5bd0	CEm034	CNonPlayer
0x1405d6908	0x1405d5c70	CEm034Shl00	CShell
0x1405d6930	0x1405d5c70	CEm034Shl01	CShell
0x1405d6958	0x1405d5c70	CEm034Shl02	CShell
0x1405d6980	0x1405d5c70	CEm034Shl03	CShell
0x1405d69a8	0x1405d5c70	CEm034Shl04	CShell
0x1405d69d0	0x1405d5c70	CEm034Shl05	CShell
0x1405d69f8	0x1405d5688	CEm035	CCom
0x1405d69f8	0x1405d56d0	CEm035	IComAction
0x1405d69f8	0x1405d5bd0	CEm035	CNonPlayer
0x1405d6a18	0x1405d5c70	CEm035Shl00	CShell
0x1405d6a40	0x1405d5c70	CEm035Shl01	CShell
0x1405d6a68	0x1405d5c70	CEm035Shl02	CShell
0x1405d6a90	0x1405d5688	CEm037	CCom
0x1405d6a90	0x1405d56f8	CEm037	CComAction
0x1405d6a90	0x1405d5bd0	CEm037	CNonPlayer
0x1405d6ab0	0x1405d5688	CEm037Ball	CCom
0x1405d6ab0	0x1405d56d0	CEm037Ball	IComAction
0x1405d6ab0	0x1405d5bd0	CEm037Ball	CNonPlayer
0x1405d6ad8	0x1405d5c70	CEm037Shl00	CShell
0x1405d6b00	0x1405d5c70	CEm037Shl00Ctrl	CShell
0x1405d6b28	0x1405d5c70	CEm037Shl01	CShell
0x1405d6b50	0x1405d5c70	CEm037Shl01Ctrl	CShell
0x1405d6b78	0x1405d5c70	CEm037Shl02	CShell
0x1405d6ba0	0x1405d5c70	CEm037Shl02Ctrl	CShell
0x1405d6bc8	0x1405d5c70	CEm037Shl03	CShell
0x1405d6bf0	0x1405d5c70	CEm037Shl04	CShell
0x1405d6c18	0x1405d5c70	CEm037Shl04Ctrl	CShell
0x1405d6c40	0x1405d5c70	CEm037Shl05	CShell
0x1405d6c68	0x1405d5c70	CEm037Shl05Ctrl	CShell
0x1405d6c90	0x1405d5c70	CEm037Shl07	CShell
0x1405d6cb8	0x1405d5c70	CEm037ShlEffCtrl	CShell
0x1405d6ce0	0x1405d5c70	CEmShl000	CShell
0x1405d6d00	0x1405d5c70	CEmShl01	CShell
0x1405d6d98	0x1405d6d70	CFactoryEnemy	IFactoryEnemy
0x1405d6dc0	0x1405d5c70	CHeartShl00	CShell
0x1405d6de8	0x1405d5c70	CHeartShl01	CShell
0x1405d6e10	0x1405d5410	CHeartShl02	CWork
0x1405d6e58	0x1405d6e38	CHitMark	IHitMark
0x1405d6e78	0x1405d5410	CItem	CWork
0x1405d6eb8	0x1405d6e78	CItemKey	CItem
0x1405d6ed8	0x1405d6e78	CItemOrb	CItem
0x1405d6f20	0x1405d5410	CNonPlayerDeathEffect	CWork
0x1405d6f50	0x1405d5410	CNonPlayerDeathEffect2	CWork
0x1405d6fa8	0x1405d6f80	CPermitAttack	IPermitAttack
0x1405d6fd0	0x1405d5c70	CPl000Shl00	CShell
0x1405d6ff8	0x1405d5c70	CPl000Shl01	CShell
0x1405d7020	0x1405d5c70	CPl000Shl02	CShell
0x1405d7048	0x1405d5c70	CPl000Shl03	CShell
0x1405d7070	0x1405d5c70	CPl000Shl04	CShell
0x1405d7098	0x1405d5c70	CPl000Shl05	CShell
0x1405d70c0	0x1405d5c70	CPl000Shl06	CShell
0x1405d70e8	0x1405d5c70	CPl000Shl07	CShell
0x1405d7110	0x1405d5c70	CPl000Shl08	CShell
0x1405d7138	0x1405d5c70	CPl000Shl09	CShell
0x1405d7160	0x1405d5c70	CPl000Shl0a	CShell
0x1405d7188	0x1405d5c70	CPl000Shl0b	CShell
0x1405d71b0	0x1405d5c70	CPl000Shl0c	CShell
0x1405d71d8	0x1405d5c70	CPl000Shl0cICE	CShell
0x1405d7200	0x1405d5c70	CPl000Shl0d	CShell
0x1405d7228	0x1405d5c70	CPl000Shl0e	CShell
0x1405d7250	0x1405d5c70	CPl000Shl0f	CShell
0x1405d7278	0x1405d5c70	CPl000Shl10	CShell
0x1405d72a0	0x1405d5c70	CPl021Shl00	CShell
0x1405d72c8	0x1405d5c70	CPl021Shl01	CShell
0x1405d72f0	0x1405d5c70	CPl021Shl02	CShell
0x1405d7318	0x1405d5c70	CPl021Shl03	CShell
0x1405d7398	0x1405d73b8	CPlDante	CPlayer
0x1405d73b8	0x1405d5430	CPlayer	CActor
0x1405d73b8	0x1405d73d8	CPlayer	IPlayer
0x1405d73f8	0x1405d73b8	CPlVergil	CPlayer
0x1405d7418	0x1405d73b8	CPlLady	CPlayer
0x1405d7438	0x1405d73b8	CPlNewVergil	CPlayer
0x1405d7460	0x1405d5430	CPlayerWeapon	CActor
0x1405d7488	0x1405d7460	CPlWp2Sword	CPlayerWeapon
0x1405d74b0	0x1405d7460	CPlWpFight	CPlayerWeapon
0x1405d74d8	0x1405d7460	CPlWpFoeceEdge	CPlayerWeapon
0x1405d7500	0x1405d7460	CPlWpGuitar	CPlayerWeapon
0x1405d7528	0x1405d5410	CString	CWork
0x1405d7548	0x1405d7460	CPlWpGun	CPlayerWeapon
0x1405d7568	0x1405d7460	CPlWpLadyGun	CPlayerWeapon
0x1405d7590	0x1405d7460	CPlWpLaser	CPlayerWeapon
0x1405d75b8	0x1405d7460	CPlWpNeroSword	CPlayerWeapon
0x1405d75e0	0x1405d7460	CPlWpNewVergilSword	CPlayerWeapon
0x1405d7610	0x1405d7460	CPlWpNunchaku	CPlayerWeapon
0x1405d7638	0x1405d7460	CPlWpRifle	CPlayerWeapon
0x1405d7660	0x1405d7460	CPlWpShotGun	CPlayerWeapon
0x1405d7688	0x1405d7460	CPlWpSword	CPlayerWeapon
0x1405d76b0	0x1405d7460	CPlWpVergilSword	CPlayerWeapon
0x1405d76d8	0x1405d5410	CEffectBase	CWork
0x1405d7700	0x1405d76d8	CParticle	CEffectBase
0x1405d7720	0x1405d7700	CRealParticle	CParticle
0x1405d7748	0x1405d7700	CFakeParticle	CParticle
0x1405d7770	0x1405d7720	CPtclLine00	CRealParticle
0x1405d7798	0x1405d7748	CFPtclLine00	CFakeParticle
0x1405d77c0	0x1405d7720	CPtclLine01	CRealParticle
0x1405d77e8	0x1405d7748	CFPtclLine01	CFakeParticle
0x1405d7810	0x1405d7720	CPtclLine02	CRealParticle
0x1405d7838	0x1405d7748	CFPtclLine02	CFakeParticle
0x1405d7860	0x1405d7720	CPtclPoly00	CRealParticle
0x1405d7888	0x1405d7748	CFPtclPoly00	CFakeParticle
0x1405d78b0	0x1405d7720	CPtclPoly01	CRealParticle
0x1405d78d8	0x1405d7748	CFPtclPoly01	CFakeParticle
0x1405d7900	0x1405d7720	CPtclSprt00	CRealParticle
0x1405d7928	0x1405d7748	CFPtclSprt00	CFakeParticle
0x1405d7970	0x1405d54c8	CSceneMgrGame	CSceneMgr
0x1405d7a00	0x1405d61f0	SLoadOneGame	CChainNode
0x1405d7a50	0x1405d7950	CSceneBoot	CScene
0x1405d7a78	0x1405d7950	CSceneOpening	CScene
0x1405d7aa0	0x1405d7950	CSceneStartMenu	CScene
0x1405d7ac8	0x1405d7af0	CEventMission	CEventMissionLight
0x1405d7b40	0x1405d7950	CSceneMisSelect	CScene
0x1405d7b68	0x1405d7950	CSceneGameMain	CScene
0x1405d7b90	0x1405d7950	CSceneGame	CScene
0x1405d7bb8	0x1405d55a8	CCameraPlayer	CCamera
0x1405d7be0	0x1405d7bb8	CCameraBoss	CCameraPlayer
0x1405d7c08	0x1405d55a8	CCameraCtrl	CCamera
0x1405d7c30	0x1405d55a8	CCameraMiniDemo	CCamera
0x1405d7c58	0x1405d7950	CSceneDemo	CScene
0x1405d7c80	0x1405d7950	CSceneMisStart	CScene
0x1405d7cd0	0x1405d7950	CSceneResult	CScene
0x1405d7cf8	0x1405d7950	CSceneEnding	CScene
0x1405d7d20	0x1405d59d8	CDrawBreak	CDraw
0x1405d7d48	0x1405d5410	CScrnBreak	CWork
0x1405d7d70	0x1405d5410	CStaffRoll	CWork
0x1405d7d98	0x1405d5410	CStage	CWork
0x1405d7db8	0x1405d5430	CStageSetBingo	CActor
0x1405d7db8	0x1405d6d20	CStageSetBingo	CStageSet
0x1405d7de0	0x1405d5430	CStageSetBreak	CActor
0x1405d7de0	0x1405d6d20	CStageSetBreak	CStageSet
0x1405d7e08	0x1405d5430	CStageSetShl00	CActor
0x1405d7e30	0x1405d5430	CStageSetBrocken	CActor
0x1405d7e30	0x1405d6d20	CStageSetBrocken	CStageSet
0x1405d7e58	0x1405d5430	CStageSetCatapult	CActor
0x1405d7e58	0x1405d6d20	CStageSetCatapult	CStageSet
0x1405d7e80	0x1405d5430	CStageSetCollision	CActor
0x1405d7e80	0x1405d6d20	CStageSetCollision	CStageSet
0x1405d7eb0	0x1405d5410	CStageSetColor	CWork
0x1405d7eb0	0x1405d6d20	CStageSetColor	CStageSet
0x1405d7ed8	0x1405d5430	CStageSetCombo	CActor
0x1405d7ed8	0x1405d6d20	CStageSetCombo	CStageSet
0x1405d7f00	0x1405d5430	CStageSetCrystal	CActor
0x1405d7f00	0x1405d6d20	CStageSetCrystal	CStageSet
0x1405d7f28	0x1405d5430	CStageSetEye	CActor
0x1405d7f28	0x1405d6d20	CStageSetEye	CStageSet
0x1405d7f50	0x1405d5430	CStageSetFence	CActor
0x1405d7f50	0x1405d6d20	CStageSetFence	CStageSet
0x1405d7f78	0x1405d5430	CStageSetGate	CActor
0x1405d7f78	0x1405d6d20	CStageSetGate	CStageSet
0x1405d7fa0	0x1405d5430	CStageSetGearArch	CActor
0x1405d7fa0	0x1405d6d20	CStageSetGearArch	CStageSet
0x1405d7fc8	0x1405d5430	CStageSetHang	CActor
0x1405d7fc8	0x1405d6d20	CStageSetHang	CStageSet
0x1405d7ff0	0x1405d5430	CStageSetHang2	CActor
0x1405d7ff0	0x1405d6d20	CStageSetHang2	CStageSet
0x1405d8018	0x1405d5bd0	CStageSetHeart	CNonPlayer
0x1405d8018	0x1405d6d20	CStageSetHeart	CStageSet
0x1405d8040	0x1405d5430	CStageSetLift	CActor
0x1405d8040	0x1405d6d20	CStageSetLift	CStageSet
0x1405d8068	0x1405d5410	CStageSetLight	CWork
0x1405d8068	0x1405d6d20	CStageSetLight	CStageSet
0x1405d8090	0x1405d5bd0	CStageSetLungs	CNonPlayer
0x1405d8090	0x1405d6d20	CStageSetLungs	CStageSet
0x1405d80b8	0x1405d5430	CStageSetMirror	CActor
0x1405d80b8	0x1405d6d20	CStageSetMirror	CStageSet
0x1405d80e0	0x1405d5bd0	CStageSetNausika	CNonPlayer
0x1405d80e0	0x1405d6d20	CStageSetNausika	CStageSet
0x1405d8108	0x1405d5430	CStageSetNeedle	CActor
0x1405d8108	0x1405d6d20	CStageSetNeedle	CStageSet
0x1405d8130	0x1405d5430	CStageSetORBreak	CActor
0x1405d8130	0x1405d6d20	CStageSetORBreak	CStageSet
0x1405d8158	0x1405d5430	CStageSetRoad	CActor
0x1405d8158	0x1405d6d20	CStageSetRoad	CStageSet
0x1405d8180	0x1405d5410	CStageSetSe	CWork
0x1405d8180	0x1405d6d20	CStageSetSe	CStageSet
0x1405d81a8	0x1405d5430	CStageSetSeal	CActor
0x1405d81a8	0x1405d6d20	CStageSetSeal	CStageSet
0x1405d81d0	0x1405d5430	CStageSetSlide	CActor
0x1405d81d0	0x1405d6d20	CStageSetSlide	CStageSet
0x1405d81f8	0x1405d5430	CStageSetStayDemo	CActor
0x1405d81f8	0x1405d6d20	CStageSetStayDemo	CStageSet
0x1405d8220	0x1405d81f8	CStageSetStay	CStageSetStayDemo
0x1405d8248	0x1405d5430	CStageSetStomach	CActor
0x1405d8248	0x1405d6d20	CStageSetStomach	CStageSet
0x1405d8270	0x1405d5430	CStageSetSwitch	CActor
0x1405d8270	0x1405d6d20	CStageSetSwitch	CStageSet
0x1405d8298	0x1405d5430	CStageSetTruck	CActor
0x1405d8298	0x1405d6d20	CStageSetTruck	CStageSet
0x1405d82c0	0x1405d5430	CStageSetTruckEnemy	CActor
0x1405d82f0	0x1405d5410	CStageSetYure	CWork
0x1405d82f0	0x1405d6d20	CStageSetYure	CStageSet
0x1405d8338	0x1405d5410	CUIDBright	CWork
0x1405d8360	0x1405d5410	CUIDCockpit00	CWork
0x1405d8388	0x1405d5410	CUIDCockpit01	CWork
0x1405d83b0	0x1405d5410	CUIDCockpit02	CWork
0x1405d83d8	0x1405d5410	CUIDComnBg	CWork
0x1405d8400	0x1405d5410	CUIDControl	CWork
0x1405d8428	0x1405d5410	CUIDCustomGun	CWork
0x1405d8450	0x1405d5410	CUIDCustomGunV	CWork
0x1405d8478	0x1405d5410	CUIDCustomIndex	CWork
0x1405d84a0	0x1405d5410	CUIDCustomItem	CWork
0x1405d84c8	0x1405d5410	CUIDCustomSkill	CWork
0x1405d84f0	0x1405d5410	CUIDCustomWeapon	CWork
0x1405d8518	0x1405d5410	CUIDDemoDigest	CWork
0x1405d8540	0x1405d5410	CUIDExtraInfo	CWork
0x1405d8568	0x1405d5410	CUIDGallery	CWork
0x1405d8590	0x1405d5410	CUIDGameOptions	CWork
0x1405d85b8	0x1405d5410	CUIDGoldOrb	CWork
0x1405d85e0	0x1405d5410	CUIDItemGet	CWork
0x1405d8608	0x1405d5410	CUIDLanguage	CWork
0x1405d8630	0x1405d5410	CUIDLockOnCursor	CWork
0x1405d8658	0x1405d5410	CUIDMemoryCard	CWork
0x1405d8680	0x1405d5410	CUIDMisSelect	CWork
0x1405d86a8	0x1405d5410	CUIDMissionStart	CWork
0x1405d86d0	0x1405d5410	CUIDOption	CWork
0x1405d86f8	0x1405d5410	CUIDPause	CWork
0x1405d8718	0x1405d5410	CUIDResult	CWork
0x1405d8740	0x1405d5410	CUIDResultBP	CWork
0x1405d8768	0x1405d5410	CUIDSaveBg	CWork
0x1405d8790	0x1405d5410	CUIDScreen	CWork
0x1405d87b8	0x1405d5410	CUIDSmorkBg	CWork
0x1405d87e0	0x1405d5410	CUIDStaffRoll	CWork
0x1405d8808	0x1405d5410	CUIDStatusFile	CWork
0x1405d8830	0x1405d5410	CUIDStatusFileIpu	CWork
0x1405d8858	0x1405d5410	CUIDStatusFileSec	CWork
0x1405d8880	0x1405d5410	CUIDStatusIndex	CWork
0x1405d88a8	0x1405d5410	CUIDStatusItem	CWork
0x1405d88d0	0x1405d5410	CUIDStatusMap	CWork
0x1405d88f8	0x1405d5410	CUIDStatusWeapon	CWork
0x1405d8920	0x1405d5410	CUIDStyleLvup	CWork
0x1405d8948	0x1405d5410	CUIDStyleSelect	CWork
0x1405d8970	0x1405d5410	CUIDStyleSelectV	CWork
0x1405d8998	0x1405d5410	CUIDStylishCombo	CWork
0x1405d89c0	0x1405d5410	CUIDTitle	CWork
0x1405d89e0	0x1405d5410	CUIDTotalRanking	CWork
0x1405d8a08	0x1405d5410	CUIDTutorial	CWork
0x1405d8a30	0x1405d5410	CUIDVergilWeapon	CWork
0x1405d8a58	0x1405d55a8	CCameraMotion	CCamera
0x1405d8a80	0x1405d5410	CDemoModelWork	CWork
0x1405d8aa8	0x1405d76d8	CEffect	CEffectBase
0x1405d8af0	0x1405d8ac8	CFadeControl	IFadeControl
0x1405d8b18	0x1405d76d8	CGenerator	CEffectBase
0x1405d8b40	0x1405d5990	CMotion	CDrawOperate
0x1405d8b88	0x1405d8b60	CPtxManager	IPtxManager
0x1405d8bd0	0x1405d8bb0	CSoundClip	CClip
0x1405d8bf8	0x1405d8bb0	CWorkRateClip	CClip
0x1405d8c20	0x1405d8bb0	CModelClip	CClip
0x1405d8c48	0x1405d8bb0	CMotionClip	CClip
0x1405d8c70	0x1405d8bb0	CHideClip	CClip
0x1405d8c90	0x1405d8bb0	CProgramClip	CClip
0x1405d8cb8	0x1405d8bb0	CMessageClip	CClip
0x1405d8ce0	0x1405d8bb0	CPadVibeClip	CClip
0x1405d8d08	0x1405d8bb0	CEffectClip	CClip
0x1405d8d30	0x1405d8bb0	CCameraClip	CClip
0x1405d8d58	0x1405d8bb0	CLightClip	CClip
0x1405d8d80	0x1405d8bb0	CScrEfcClip	CClip
0x1405d8da8	0x1405d8bb0	CFadeClip	CClip
0x1405d8dc8	0x1405d76d8	CValue	CEffectBase
0x1405d8e28	0x1405d8e50	.?AVbad_alloc@std@@	.?AVexception@std@@
0x1405d8e78	0x1405d8e28	.?AVbad_array_new_length@std@@	.?AVbad_alloc@std@@
