locator_va	type_va	hierarchy_va	subobject_offset	constructor_displacement_offset
0x14050cf10	0x1405d5118	0x14050cf38	0	0
0x14050cf88	0x1405d5148	0x14050cfb0	0	0
0x14050d050	0x1405d51c0	0x14050d078	0	0
0x14050d0d0	0x1405d5200	0x14050d0f8	0	0
0x14050d1f0	0x1405d5268	0x14050d218	0	0
0x14050d318	0x1405d5310	0x14050d340	0	0
0x14050d398	0x1405d5348	0x14050d3c0	0	0
0x14050d478	0x1405d5348	0x14050d3c0	616	0
0x14050d4a0	0x1405d5378	0x14050d4c8	0	0
0x14050d520	0x1405d5220	0x14050d178	0	0
0x14050d598	0x1405d53c8	0x14050d5c0	0	0
0x14050d618	0x1405d53f0	0x14050d640	0	0
0x14050d690	0x1405d5410	0x14050d6b8	0	0
0x14050d708	0x1405d5430	0x14050d730	0	0
0x14050d838	0x1405d5430	0x14050d730	96	0
0x14050d860	0x1405d5430	0x14050d730	208	0
0x14050d888	0x1405d5478	0x14050d8b0	0	0
0x14050d958	0x1405d54c8	0x14050d980	0	0
0x14050d9d0	0x1405d54e8	0x14050d9f8	0	0
0x14050da50	0x1405d5510	0x14050da78	0	0
0x14050dad0	0x1405d5538	0x14050daf8	0	0
0x14050db48	0x1405d5560	0x14050db70	0	0
0x14050dbc0	0x1405d5580	0x14050dbe8	0	0
0x14050dc90	0x1405d55c8	0x14050dcb8	0	0
0x14050dd18	0x1405d55f0	0x14050dd40	0	0
0x14050dda0	0x1405d5618	0x14050ddc8	0	0
0x14050de28	0x1405d5640	0x14050de50	0	0
0x14050deb0	0x1405d5450	0x14050d7e8	0	0
0x14050ded8	0x1405d5668	0x14050df00	0	0
0x14050df50	0x1405d5688	0x14050df78	0	0
0x14050dfd0	0x1405d56a8	0x14050dff8	0	0
0x14050e048	0x1405d56d0	0x14050e070	0	0
0x14050e0c8	0x1405d56f8	0x14050e0f0	0	0
0x14050e150	0x1405d5720	0x14050e178	0	0
0x14050e238	0x1405d5720	0x14050e178	208	0
0x14050e260	0x1405d5740	0x14050e288	0	0
0x14050e2f8	0x1405d5740	0x14050e288	208	0
0x14050e320	0x1405d5760	0x14050e348	0	0
0x14050e3b8	0x1405d5760	0x14050e348	208	0
0x14050e3e0	0x1405d5780	0x14050e408	0	0
0x14050e478	0x1405d5780	0x14050e408	208	0
0x14050e4a0	0x1405d57a0	0x14050e4c8	0	0
0x14050e518	0x1405d57c8	0x14050e540	0	0
0x14050e590	0x1405d57f0	0x14050e5b8	0	0
0x14050e608	0x1405d5810	0x14050e630	0	0
0x14050e6b8	0x1405d5810	0x14050e630	8	0
0x14050e6e0	0x1405d5830	0x14050e708	0	0
0x14050e770	0x1405d5830	0x14050e708	8	0
0x14050e798	0x1405d5858	0x14050e7c0	0	0
0x14050e828	0x1405d5858	0x14050e7c0	8	0
0x14050e850	0x1405d5880	0x14050e878	0	0
0x14050e8e0	0x1405d5880	0x14050e878	8	0
0x14050e908	0x1405d58a8	0x14050e930	0	0
0x14050e980	0x1405d58d0	0x14050e9a8	0	0
0x14050ea00	0x1405d58f8	0x14050ea28	0	0
0x14050ea80	0x1405d5918	0x14050eaa8	0	0
0x14050eaf8	0x1405d5940	0x14050eb20	0	0
0x14050eb78	0x1405d5968	0x14050eba0	0	0
0x14050ebf0	0x1405d5990	0x14050ec18	0	0
0x14050ec70	0x1405d59b8	0x14050ec98	0	0
0x14050ece8	0x1405d59d8	0x14050ed10	0	0
0x14050edc8	0x1405d59d8	0x14050ed10	8	0
0x14050edf0	0x1405d59f8	0x14050ee18	0	0
0x14050ee80	0x1405d59f8	0x14050ee18	8	0
0x14050eea8	0x1405d5a18	0x14050eed0	0	0
0x14050ef20	0x1405d5a40	0x14050ef48	0	0
0x14050efa0	0x1405d5a68	0x14050efc8	0	0
0x14050f018	0x1405d5a90	0x14050f040	0	0
0x14050f098	0x1405d5ab8	0x14050f0c0	0	0
0x14050f110	0x1405d5ad8	0x14050f138	0	0
0x14050f190	0x1405d5af8	0x14050f1b8	0	0
0x14050f210	0x1405d5b18	0x14050f238	0	0
0x14050f298	0x1405d5b40	0x14050f2c0	0	0
0x14050f320	0x1405d5b60	0x14050f348	0	0
0x14050f3a8	0x1405d5b88	0x14050f3d0	0	0
0x14050f660	0x1405d5b88	0x14050f3d0	96	0
0x14050f688	0x1405d5b88	0x14050f3d0	208	0
0x14050f6b0	0x1405d5b88	0x14050f3d0	272	0
0x14050f6d8	0x1405d5b88	0x14050f3d0	384	0
0x14050f700	0x1405d5c48	0x14050f728	0	0
0x14050f810	0x1405d5c48	0x14050f728	96	0
0x14050f838	0x1405d5c48	0x14050f728	208	0
0x14050f860	0x1405d5c90	0x14050f888	0	0
0x14050f900	0x1405d5c90	0x14050f888	96	0
0x14050f928	0x1405d5c90	0x14050f888	208	0
0x14050f950	0x1405d5cb8	0x14050f978	0	0
0x14050fa08	0x1405d5cb8	0x14050f978	96	0
0x14050fa30	0x1405d5cb8	0x14050f978	208	0
0x14050fa58	0x1405d5cb8	0x14050f978	272	0
0x14050fa80	0x1405d5cb8	0x14050f978	384	0
0x14050faa8	0x1405d5cd8	0x14050fad0	0	0
0x14050fb68	0x1405d5cd8	0x14050fad0	96	0
0x14050fb90	0x1405d5cd8	0x14050fad0	208	0
0x14050fbb8	0x1405d5cd8	0x14050fad0	272	0
0x14050fbe0	0x1405d5cd8	0x14050fad0	384	0
0x14050fc08	0x1405d5cf8	0x14050fc30	0	0
0x14050fcc8	0x1405d5cf8	0x14050fc30	96	0
0x14050fcf0	0x1405d5cf8	0x14050fc30	208	0
0x14050fd18	0x1405d5cf8	0x14050fc30	272	0
0x14050fd40	0x1405d5cf8	0x14050fc30	384	0
0x14050fd68	0x1405d5d18	0x14050fd90	0	0
0x14050fe28	0x1405d5d18	0x14050fd90	96	0
0x14050fe50	0x1405d5d18	0x14050fd90	208	0
0x14050fe78	0x1405d5d18	0x14050fd90	272	0
0x14050fea0	0x1405d5d18	0x14050fd90	384	0
0x14050fec8	0x1405d5d38	0x14050fef0	0	0
0x14050ff88	0x1405d5d38	0x14050fef0	96	0
0x14050ffb0	0x1405d5d38	0x14050fef0	208	0
0x14050ffd8	0x1405d5d38	0x14050fef0	272	0
0x140510000	0x1405d5d38	0x14050fef0	384	0
0x140510028	0x1405d5d58	0x140510050	0	0
0x1405100c8	0x1405d5d58	0x140510050	96	0
0x1405100f0	0x1405d5d58	0x140510050	208	0
0x140510118	0x1405d5d80	0x140510140	0	0
0x140510190	0x1405d5da8	0x1405101b8	0	0
0x140510210	0x1405d5dc8	0x140510238	0	0
0x1405102b8	0x1405d5dc8	0x140510238	96	0
0x1405102e0	0x1405d5dc8	0x140510238	208	0
0x140510308	0x1405d5dc8	0x140510238	272	0
0x140510330	0x1405d5df0	0x140510358	0	0
0x1405103e8	0x1405d5df0	0x140510358	96	0
0x140510410	0x1405d5df0	0x140510358	208	0
0x140510438	0x1405d5df0	0x140510358	272	0
0x140510460	0x1405d5df0	0x140510358	384	0
0x140510488	0x1405d5e10	0x1405104b0	0	0
0x140510528	0x1405d5e10	0x1405104b0	96	0
0x140510550	0x1405d5e10	0x1405104b0	208	0
0x140510578	0x1405d5e38	0x1405105a0	0	0
0x140510638	0x1405d5e38	0x1405105a0	96	0
0x140510660	0x1405d5e38	0x1405105a0	208	0
0x140510688	0x1405d5e38	0x1405105a0	272	0
0x1405106b0	0x1405d5e38	0x1405105a0	384	0
0x1405106d8	0x1405d5e58	0x140510700	0	0
0x140510758	0x1405d5e80	0x140510780	0	0
0x140510818	0x1405d5e80	0x140510780	96	0
0x140510840	0x1405d5e80	0x140510780	208	0
0x140510868	0x1405d5e80	0x140510780	272	0
0x140510890	0x1405d5e80	0x140510780	384	0
0x1405108b8	0x1405d5ea0	0x1405108e0	0	0
0x140510938	0x1405d5ec8	0x140510960	0	0
0x1405109b8	0x1405d5ee8	0x1405109e0	0	0
0x140510a38	0x1405d5f10	0x140510a60	0	0
0x140510ba8	0x1405d5f10	0x140510a60	96	0
0x140510bd0	0x1405d5f10	0x140510a60	208	0
0x140510bf8	0x1405d5f10	0x140510a60	272	0
0x140510c20	0x1405d5f10	0x140510a60	384	0
0x140510c48	0x1405d5f10	0x140510a60	592	0
0x140510c70	0x1405d5f30	0x140510c98	0	0
0x140510d18	0x1405d5f30	0x140510c98	96	0
0x140510d40	0x1405d5f30	0x140510c98	208	0
0x140510d68	0x1405d5f30	0x140510c98	272	0
0x140510d90	0x1405d5f58	0x140510db8	0	0
0x140510e30	0x1405d5f58	0x140510db8	96	0
0x140510e58	0x1405d5f58	0x140510db8	208	0
0x140510e80	0x1405d5f80	0x140510ea8	0	0
0x140510f20	0x1405d5f80	0x140510ea8	96	0
0x140510f48	0x1405d5f80	0x140510ea8	208	0
0x140510f70	0x1405d5fa8	0x140510f98	0	0
0x140511038	0x1405d5fa8	0x140510f98	96	0
0x140511060	0x1405d5fa8	0x140510f98	208	0
0x140511088	0x1405d5fa8	0x140510f98	272	0
0x1405110b0	0x1405d5fa8	0x140510f98	384	0
0x1405110d8	0x1405d5fa8	0x140510f98	592	0
0x140511100	0x1405d5fc8	0x140511128	0	0
0x1405111a0	0x1405d5fc8	0x140511128	96	0
0x1405111c8	0x1405d5fc8	0x140511128	208	0
0x1405111f0	0x1405d5ff0	0x140511218	0	0
0x140511268	0x1405d6018	0x140511290	0	0
0x140511338	0x1405d6018	0x140511290	96	0
0x140511360	0x1405d6018	0x140511290	208	0
0x140511388	0x1405d6018	0x140511290	272	0
0x1405113b0	0x1405d6018	0x140511290	384	0
0x1405113d8	0x1405d6018	0x140511290	592	0
0x140511400	0x1405d6038	0x140511428	0	0
0x1405114f8	0x1405d6038	0x140511428	96	0
0x140511520	0x1405d6038	0x140511428	208	0
0x140511548	0x1405d6038	0x140511428	272	0
0x140511570	0x1405d6038	0x140511428	384	0
0x140511598	0x1405d6038	0x140511428	592	0
0x1405115c0	0x1405d6058	0x1405115e8	0	0
0x140511690	0x1405d6058	0x1405115e8	96	0
0x1405116b8	0x1405d6058	0x1405115e8	208	0
0x1405116e0	0x1405d6058	0x1405115e8	272	0
0x140511708	0x1405d6058	0x1405115e8	384	0
0x140511730	0x1405d6058	0x1405115e8	592	0
0x140511758	0x1405d6078	0x140511780	0	0
0x1405117f8	0x1405d6078	0x140511780	96	0
0x140511820	0x1405d6078	0x140511780	208	0
0x140511848	0x1405d60a0	0x140511870	0	0
0x1405118e8	0x1405d60a0	0x140511870	96	0
0x140511910	0x1405d60a0	0x140511870	208	0
0x140511938	0x1405d60c8	0x140511960	0	0
0x140511a10	0x1405d60c8	0x140511960	96	0
0x140511a38	0x1405d60c8	0x140511960	208	0
0x140511a60	0x1405d60c8	0x140511960	272	0
0x140511a88	0x1405d60c8	0x140511960	384	0
0x140511ab0	0x1405d60c8	0x140511960	592	0
0x140511ad8	0x1405d60e8	0x140511b00	0	0
0x140511bb0	0x1405d60e8	0x140511b00	96	0
0x140511bd8	0x1405d60e8	0x140511b00	208	0
0x140511c00	0x1405d60e8	0x140511b00	272	0
0x140511c28	0x1405d60e8	0x140511b00	384	0
0x140511c50	0x1405d60e8	0x140511b00	592	0
0x140511c78	0x1405d6108	0x140511ca0	0	0
0x140511d20	0x1405d6108	0x140511ca0	96	0
0x140511d48	0x1405d6108	0x140511ca0	208	0
0x140511d70	0x1405d6108	0x140511ca0	272	0
0x140511d98	0x1405d6130	0x140511dc0	0	0
0x140511e38	0x1405d6130	0x140511dc0	96	0
0x140511e60	0x1405d6130	0x140511dc0	208	0
0x140511e88	0x1405d6158	0x140511eb0	0	0
0x140511f28	0x1405d6158	0x140511eb0	96	0
0x140511f50	0x1405d6158	0x140511eb0	208	0
0x140511f78	0x1405d6180	0x140511fa0	0	0
0x140512018	0x1405d6180	0x140511fa0	96	0
0x140512040	0x1405d6180	0x140511fa0	208	0
0x140512068	0x1405d61a8	0x140512090	0	0
0x140512148	0x1405d61a8	0x140512090	96	0
0x140512170	0x1405d61a8	0x140512090	208	0
0x140512198	0x1405d61a8	0x140512090	272	0
0x1405121c0	0x1405d61a8	0x140512090	384	0
0x1405121e8	0x1405d61a8	0x140512090	592	0
0x140512210	0x1405d61c8	0x140512238	0	0
0x1405122b0	0x1405d61c8	0x140512238	96	0
0x1405122d8	0x1405d61c8	0x140512238	208	0
0x140512300	0x1405d61f0	0x140512328	0	0
0x140512378	0x1405d6218	0x1405123a0	0	0
0x1405123f8	0x1405d6238	0x140512420	0	0
0x1405124c8	0x1405d6238	0x140512420	96	0
0x1405124f0	0x1405d6238	0x140512420	208	0
0x140512518	0x1405d6238	0x140512420	272	0
0x140512540	0x1405d6238	0x140512420	384	0
0x140512568	0x1405d6238	0x140512420	592	0
0x140512590	0x1405d6260	0x1405125b8	0	0
0x140512620	0x1405d6260	0x1405125b8	8	0
0x140512648	0x1405d6288	0x140512670	0	0
0x140512718	0x1405d6288	0x140512670	96	0
0x140512740	0x1405d6288	0x140512670	208	0
0x140512768	0x1405d6288	0x140512670	272	0
0x140512790	0x1405d6288	0x140512670	384	0
0x1405127b8	0x1405d6288	0x140512670	592	0
0x1405127e0	0x1405d62a8	0x140512808	0	0
0x140512880	0x1405d62a8	0x140512808	96	0
0x1405128a8	0x1405d62a8	0x140512808	208	0
0x1405128d0	0x1405d62d0	0x1405128f8	0	0
0x140512970	0x1405d62d0	0x1405128f8	96	0
0x140512998	0x1405d62d0	0x1405128f8	208	0
0x1405129c0	0x1405d62f8	0x1405129e8	0	0
0x140512a60	0x1405d62f8	0x1405129e8	96	0
0x140512a88	0x1405d62f8	0x1405129e8	208	0
0x140512ab0	0x1405d6320	0x140512ad8	0	0
0x140512b50	0x1405d6320	0x140512ad8	96	0
0x140512b78	0x1405d6320	0x140512ad8	208	0
0x140512ba0	0x1405d6348	0x140512bc8	0	0
0x140512c40	0x1405d6348	0x140512bc8	96	0
0x140512c68	0x1405d6348	0x140512bc8	208	0
0x140512c90	0x1405d6370	0x140512cb8	0	0
0x140512d30	0x1405d6370	0x140512cb8	96	0
0x140512d58	0x1405d6370	0x140512cb8	208	0
0x140512d80	0x1405d6398	0x140512da8	0	0
0x140512e48	0x1405d6398	0x140512da8	96	0
0x140512e70	0x1405d6398	0x140512da8	208	0
0x140512e98	0x1405d6398	0x140512da8	272	0
0x140512ec0	0x1405d6398	0x140512da8	384	0
0x140512ee8	0x1405d6398	0x140512da8	592	0
0x140512f10	0x1405d63b8	0x140512f38	0	0
0x140512fb0	0x1405d63b8	0x140512f38	96	0
0x140512fd8	0x1405d63b8	0x140512f38	208	0
0x140513000	0x1405d63e0	0x140513028	0	0
0x1405130a0	0x1405d63e0	0x140513028	96	0
0x1405130c8	0x1405d63e0	0x140513028	208	0
0x1405130f0	0x1405d6408	0x140513118	0	0
0x140513190	0x1405d6408	0x140513118	96	0
0x1405131b8	0x1405d6408	0x140513118	208	0
0x1405131e0	0x1405d6430	0x140513208	0	0
0x1405132b0	0x1405d6430	0x140513208	96	0
0x1405132d8	0x1405d6430	0x140513208	208	0
0x140513300	0x1405d6430	0x140513208	272	0
0x140513328	0x1405d6430	0x140513208	384	0
0x140513350	0x1405d6430	0x140513208	592	0
0x140513378	0x1405d6450	0x1405133a0	0	0
0x140513420	0x1405d6450	0x1405133a0	96	0
0x140513448	0x1405d6450	0x1405133a0	208	0
0x140513470	0x1405d6450	0x1405133a0	272	0
0x140513498	0x1405d6478	0x1405134c0	0	0
0x140513540	0x1405d6478	0x1405134c0	96	0
0x140513568	0x1405d6478	0x1405134c0	208	0
0x140513590	0x1405d6478	0x1405134c0	272	0
0x1405135b8	0x1405d64a0	0x1405135e0	0	0
0x140513690	0x1405d64a0	0x1405135e0	96	0
0x1405136b8	0x1405d64a0	0x1405135e0	208	0
0x1405136e0	0x1405d64a0	0x1405135e0	272	0
0x140513708	0x1405d64a0	0x1405135e0	384	0
0x140513730	0x1405d64a0	0x1405135e0	592	0
0x140513758	0x1405d64c0	0x140513780	0	0
0x140513830	0x1405d64c0	0x140513780	96	0
0x140513858	0x1405d64c0	0x140513780	208	0
0x140513880	0x1405d64c0	0x140513780	272	0
0x1405138a8	0x1405d64c0	0x140513780	384	0
0x1405138d0	0x1405d64c0	0x140513780	592	0
0x1405138f8	0x1405d64e0	0x140513920	0	0
0x140513a30	0x1405d64e0	0x140513920	96	0
0x140513a58	0x1405d64e0	0x140513920	208	0
0x140513a80	0x1405d64e0	0x140513920	272	0
0x140513aa8	0x1405d6528	0x140513ad0	0	0
0x140513b48	0x1405d6528	0x140513ad0	96	0
0x140513b70	0x1405d6528	0x140513ad0	208	0
0x140513b98	0x1405d6550	0x140513bc0	0	0
0x140513c38	0x1405d6550	0x140513bc0	96	0
0x140513c60	0x1405d6550	0x140513bc0	208	0
0x140513c88	0x1405d6578	0x140513cb0	0	0
0x140513d28	0x1405d6578	0x140513cb0	96	0
0x140513d50	0x1405d6578	0x140513cb0	208	0
0x140513d78	0x1405d65a0	0x140513da0	0	0
0x140513e18	0x1405d65a0	0x140513da0	96	0
0x140513e40	0x1405d65a0	0x140513da0	208	0
0x140513e68	0x1405d65c8	0x140513e90	0	0
0x140513f08	0x1405d65c8	0x140513e90	96	0
0x140513f30	0x1405d65c8	0x140513e90	208	0
0x140513f58	0x1405d65f0	0x140513f80	0	0
0x140513ff8	0x1405d65f0	0x140513f80	96	0
0x140514020	0x1405d65f0	0x140513f80	208	0
0x140514048	0x1405d6618	0x140514070	0	0
0x1405140e8	0x1405d6618	0x140514070	96	0
0x140514110	0x1405d6618	0x140514070	208	0
0x140514138	0x1405d6640	0x140514160	0	0
0x140514210	0x1405d6640	0x140514160	96	0
0x140514238	0x1405d6640	0x140514160	208	0
0x140514260	0x1405d6640	0x140514160	272	0
0x140514288	0x1405d6640	0x140514160	384	0
0x1405142b0	0x1405d6640	0x140514160	592	0
0x1405142d8	0x1405d6660	0x140514300	0	0
0x1405143b8	0x1405d6660	0x140514300	96	0
0x1405143e0	0x1405d6660	0x140514300	208	0
0x140514408	0x1405d6660	0x140514300	272	0
0x140514430	0x1405d6660	0x140514300	384	0
0x140514458	0x1405d6660	0x140514300	592	0
0x140514480	0x1405d6688	0x1405144a8	0	0
0x140514520	0x1405d6688	0x1405144a8	96	0
0x140514548	0x1405d6688	0x1405144a8	208	0
0x140514570	0x1405d66b0	0x140514598	0	0
0x140514610	0x1405d66b0	0x140514598	96	0
0x140514638	0x1405d66b0	0x140514598	208	0
0x140514660	0x1405d66d8	0x140514688	0	0
0x140514700	0x1405d66d8	0x140514688	96	0
0x140514728	0x1405d66d8	0x140514688	208	0
0x140514750	0x1405d6700	0x140514778	0	0
0x1405147f0	0x1405d6700	0x140514778	96	0
0x140514818	0x1405d6700	0x140514778	208	0
0x140514840	0x1405d6728	0x140514868	0	0
0x1405148e0	0x1405d6728	0x140514868	96	0
0x140514908	0x1405d6728	0x140514868	208	0
0x140514930	0x1405d6750	0x140514958	0	0
0x1405149d0	0x1405d6750	0x140514958	96	0
0x1405149f8	0x1405d6750	0x140514958	208	0
0x140514a20	0x1405d6778	0x140514a48	0	0
0x140514af0	0x1405d6778	0x140514a48	96	0
0x140514b18	0x1405d6778	0x140514a48	208	0
0x140514b40	0x1405d6778	0x140514a48	272	0
0x140514b68	0x1405d6778	0x140514a48	384	0
0x140514b90	0x1405d6778	0x140514a48	592	0
0x140514bb8	0x1405d6798	0x140514be0	0	0
0x140514c58	0x1405d6798	0x140514be0	96	0
0x140514c80	0x1405d6798	0x140514be0	208	0
0x140514ca8	0x1405d67c0	0x140514cd0	0	0
0x140514d48	0x1405d67c0	0x140514cd0	96	0
0x140514d70	0x1405d67c0	0x140514cd0	208	0
0x140514d98	0x1405d67e8	0x140514dc0	0	0
0x140514e70	0x1405d67e8	0x140514dc0	96	0
0x140514e98	0x1405d67e8	0x140514dc0	208	0
0x140514ec0	0x1405d67e8	0x140514dc0	272	0
0x140514ee8	0x1405d67e8	0x140514dc0	384	0
0x140514f10	0x1405d67e8	0x140514dc0	592	0
0x140514f38	0x1405d6808	0x140514f60	0	0
0x140514fe0	0x1405d6808	0x140514f60	96	0
0x140515008	0x1405d6808	0x140514f60	208	0
0x140515030	0x1405d6808	0x140514f60	272	0
0x140515058	0x1405d6830	0x140515080	0	0
0x1405150e8	0x1405d6830	0x140515080	8	0
0x140515110	0x1405d6858	0x140515138	0	0
0x1405151e0	0x1405d6858	0x140515138	96	0
0x140515208	0x1405d6858	0x140515138	208	0
0x140515230	0x1405d6858	0x140515138	272	0
0x140515258	0x1405d6858	0x140515138	384	0
0x140515280	0x1405d6858	0x140515138	592	0
0x1405152a8	0x1405d6878	0x1405152d0	0	0
0x140515348	0x1405d6878	0x1405152d0	96	0
0x140515370	0x1405d6878	0x1405152d0	208	0
0x140515398	0x1405d68a0	0x1405153c0	0	0
0x140515438	0x1405d68a0	0x1405153c0	96	0
0x140515460	0x1405d68a0	0x1405153c0	208	0
0x140515488	0x1405d68c8	0x1405154b0	0	0
0x140515560	0x1405d68c8	0x1405154b0	96	0
0x140515588	0x1405d68c8	0x1405154b0	208	0
0x1405155b0	0x1405d68c8	0x1405154b0	272	0
0x1405155d8	0x1405d68c8	0x1405154b0	384	0
0x140515600	0x1405d68c8	0x1405154b0	592	0
0x140515628	0x1405d68e8	0x140515650	0	0
0x1405156f8	0x1405d68e8	0x140515650	96	0
0x140515720	0x1405d68e8	0x140515650	208	0
0x140515748	0x1405d68e8	0x140515650	272	0
0x140515770	0x1405d68e8	0x140515650	384	0
0x140515798	0x1405d68e8	0x140515650	592	0
0x1405157c0	0x1405d6908	0x1405157e8	0	0
0x140515860	0x1405d6908	0x1405157e8	96	0
0x140515888	0x1405d6908	0x1405157e8	208	0
0x1405158b0	0x1405d6930	0x1405158d8	0	0
0x140515950	0x1405d6930	0x1405158d8	96	0
0x140515978	0x1405d6930	0x1405158d8	208	0
0x1405159a0	0x1405d6958	0x1405159c8	0	0
0x140515a40	0x1405d6958	0x1405159c8	96	0
0x140515a68	0x1405d6958	0x1405159c8	208	0
0x140515a90	0x1405d6980	0x140515ab8	0	0
0x140515b30	0x1405d6980	0x140515ab8	96	0
0x140515b58	0x1405d6980	0x140515ab8	208	0
0x140515b80	0x1405d69a8	0x140515ba8	0	0
0x140515c20	0x1405d69a8	0x140515ba8	96	0
0x140515c48	0x1405d69a8	0x140515ba8	208	0
0x140515c70	0x1405d69d0	0x140515c98	0	0
0x140515d10	0x1405d69d0	0x140515c98	96	0
0x140515d38	0x1405d69d0	0x140515c98	208	0
0x140515d60	0x1405d69f8	0x140515d88	0	0
0x140515e28	0x1405d69f8	0x140515d88	96	0
0x140515e50	0x1405d69f8	0x140515d88	208	0
0x140515e78	0x1405d69f8	0x140515d88	272	0
0x140515ea0	0x1405d69f8	0x140515d88	384	0
0x140515ec8	0x1405d69f8	0x140515d88	592	0
0x140515ef0	0x1405d6a18	0x140515f18	0	0
0x140515f90	0x1405d6a18	0x140515f18	96	0
0x140515fb8	0x1405d6a18	0x140515f18	208	0
0x140515fe0	0x1405d6a40	0x140516008	0	0
0x140516080	0x1405d6a40	0x140516008	96	0
0x1405160a8	0x1405d6a40	0x140516008	208	0
0x1405160d0	0x1405d6a68	0x1405160f8	0	0
0x140516170	0x1405d6a68	0x1405160f8	96	0
0x140516198	0x1405d6a68	0x1405160f8	208	0
0x1405161c0	0x1405d6a90	0x1405161e8	0	0
0x140516290	0x1405d6a90	0x1405161e8	96	0
0x1405162b8	0x1405d6a90	0x1405161e8	208	0
0x1405162e0	0x1405d6a90	0x1405161e8	272	0
0x140516308	0x1405d6a90	0x1405161e8	384	0
0x140516330	0x1405d6a90	0x1405161e8	592	0
0x140516358	0x1405d6ab0	0x140516380	0	0
0x140516428	0x1405d6ab0	0x140516380	96	0
0x140516450	0x1405d6ab0	0x140516380	208	0
0x140516478	0x1405d6ab0	0x140516380	272	0
0x1405164a0	0x1405d6ab0	0x140516380	384	0
0x1405164c8	0x1405d6ab0	0x140516380	592	0
0x1405164f0	0x1405d6ad8	0x140516518	0	0
0x140516590	0x1405d6ad8	0x140516518	96	0
0x1405165b8	0x1405d6ad8	0x140516518	208	0
0x1405165e0	0x1405d6b00	0x140516608	0	0
0x140516680	0x1405d6b00	0x140516608	96	0
0x1405166a8	0x1405d6b00	0x140516608	208	0
0x1405166d0	0x1405d6b28	0x1405166f8	0	0
0x140516770	0x1405d6b28	0x1405166f8	96	0
0x140516798	0x1405d6b28	0x1405166f8	208	0
0x1405167c0	0x1405d6b50	0x1405167e8	0	0
0x140516860	0x1405d6b50	0x1405167e8	96	0
0x140516888	0x1405d6b50	0x1405167e8	208	0
0x1405168b0	0x1405d6b78	0x1405168d8	0	0
0x140516950	0x1405d6b78	0x1405168d8	96	0
0x140516978	0x1405d6b78	0x1405168d8	208	0
0x1405169a0	0x1405d6ba0	0x1405169c8	0	0
0x140516a40	0x1405d6ba0	0x1405169c8	96	0
0x140516a68	0x1405d6ba0	0x1405169c8	208	0
0x140516a90	0x1405d6bc8	0x140516ab8	0	0
0x140516b30	0x1405d6bc8	0x140516ab8	96	0
0x140516b58	0x1405d6bc8	0x140516ab8	208	0
0x140516b80	0x1405d6bf0	0x140516ba8	0	0
0x140516c20	0x1405d6bf0	0x140516ba8	96	0
0x140516c48	0x1405d6bf0	0x140516ba8	208	0
0x140516c70	0x1405d6c18	0x140516c98	0	0
0x140516d10	0x1405d6c18	0x140516c98	96	0
0x140516d38	0x1405d6c18	0x140516c98	208	0
0x140516d60	0x1405d6c40	0x140516d88	0	0
0x140516e00	0x1405d6c40	0x140516d88	96	0
0x140516e28	0x1405d6c40	0x140516d88	208	0
0x140516e50	0x1405d6c68	0x140516e78	0	0
0x140516ef0	0x1405d6c68	0x140516e78	96	0
0x140516f18	0x1405d6c68	0x140516e78	208	0
0x140516f40	0x1405d6c90	0x140516f68	0	0
0x140516fe0	0x1405d6c90	0x140516f68	96	0
0x140517008	0x1405d6c90	0x140516f68	208	0
0x140517030	0x1405d6cb8	0x140517058	0	0
0x1405170d0	0x1405d6cb8	0x140517058	96	0
0x1405170f8	0x1405d6cb8	0x140517058	208	0
0x140517120	0x1405d6ce0	0x140517148	0	0
0x1405171c0	0x1405d6ce0	0x140517148	96	0
0x1405171e8	0x1405d6ce0	0x140517148	208	0
0x140517210	0x1405d6d00	0x140517238	0	0
0x1405172b0	0x1405d6d00	0x140517238	96	0
0x1405172d8	0x1405d6d00	0x140517238	208	0
0x140517300	0x1405d6d40	0x140517328	0	0
0x140517378	0x1405d6d70	0x1405173a0	0	0
0x1405173f0	0x1405d6d98	0x140517418	0	0
0x140517470	0x1405d6dc0	0x140517498	0	0
0x140517510	0x1405d6dc0	0x140517498	96	0
0x140517538	0x1405d6dc0	0x140517498	208	0
0x140517560	0x1405d6de8	0x140517588	0	0
0x140517600	0x1405d6de8	0x140517588	96	0
0x140517628	0x1405d6de8	0x140517588	208	0
0x140517650	0x1405d6e10	0x140517678	0	0
0x1405176d0	0x1405d6e38	0x1405176f8	0	0
0x140517748	0x1405d6e58	0x140517770	0	0
0x1405177c8	0x1405d6e98	0x1405177f0	0	0
0x140517898	0x1405d6eb8	0x1405178c0	0	0
0x140517920	0x1405d6ed8	0x140517948	0	0
0x1405179a8	0x1405d6ef8	0x1405179d0	0	0
0x140517a20	0x1405d5bf8	0x14050f598	0	0
0x140517a48	0x1405d5bd0	0x14050f520	0	0
0x140517a70	0x1405d5bd0	0x14050f520	96	0
0x140517a98	0x1405d5bd0	0x14050f520	208	0
0x140517ac0	0x1405d5bd0	0x14050f520	272	0
0x140517ae8	0x1405d5c20	0x14050f610	0	0
0x140517b10	0x1405d6f20	0x140517b38	0	0
0x140517b90	0x1405d6f50	0x140517bb8	0	0
0x140517c10	0x1405d5ba8	0x14050f490	0	0
0x140517c38	0x1405d5ba8	0x14050f490	96	0
0x140517c60	0x1405d5ba8	0x14050f490	208	0
0x140517c88	0x1405d5ba8	0x14050f490	272	0
0x140517cb0	0x1405d5ba8	0x14050f490	384	0
0x140517cd8	0x1405d6f80	0x140517d00	0	0
0x140517d50	0x1405d6fa8	0x140517d78	0	0
0x140517dd0	0x1405d6fd0	0x140517df8	0	0
0x140517e70	0x1405d6fd0	0x140517df8	96	0
0x140517e98	0x1405d6fd0	0x140517df8	208	0
0x140517ec0	0x1405d6ff8	0x140517ee8	0	0
0x140517f60	0x1405d6ff8	0x140517ee8	96	0
0x140517f88	0x1405d6ff8	0x140517ee8	208	0
0x140517fb0	0x1405d7020	0x140517fd8	0	0
0x140518050	0x1405d7020	0x140517fd8	96	0
0x140518078	0x1405d7020	0x140517fd8	208	0
0x1405180a0	0x1405d7048	0x1405180c8	0	0
0x140518140	0x1405d7048	0x1405180c8	96	0
0x140518168	0x1405d7048	0x1405180c8	208	0
0x140518190	0x1405d7070	0x1405181b8	0	0
0x140518230	0x1405d7070	0x1405181b8	96	0
0x140518258	0x1405d7070	0x1405181b8	208	0
0x140518280	0x1405d7098	0x1405182a8	0	0
0x140518320	0x1405d7098	0x1405182a8	96	0
0x140518348	0x1405d7098	0x1405182a8	208	0
0x140518370	0x1405d70c0	0x140518398	0	0
0x140518410	0x1405d70c0	0x140518398	96	0
0x140518438	0x1405d70c0	0x140518398	208	0
0x140518460	0x1405d70e8	0x140518488	0	0
0x140518500	0x1405d70e8	0x140518488	96	0
0x140518528	0x1405d70e8	0x140518488	208	0
0x140518550	0x1405d7110	0x140518578	0	0
0x1405185f0	0x1405d7110	0x140518578	96	0
0x140518618	0x1405d7110	0x140518578	208	0
0x140518640	0x1405d7138	0x140518668	0	0
0x1405186e0	0x1405d7138	0x140518668	96	0
0x140518708	0x1405d7138	0x140518668	208	0
0x140518730	0x1405d7160	0x140518758	0	0
0x1405187d0	0x1405d7160	0x140518758	96	0
0x1405187f8	0x1405d7160	0x140518758	208	0
0x140518820	0x1405d7188	0x140518848	0	0
0x1405188c0	0x1405d7188	0x140518848	96	0
0x1405188e8	0x1405d7188	0x140518848	208	0
0x140518910	0x1405d71b0	0x140518938	0	0
0x1405189b0	0x1405d71b0	0x140518938	96	0
0x1405189d8	0x1405d71b0	0x140518938	208	0
0x140518a00	0x1405d71d8	0x140518a28	0	0
0x140518aa0	0x1405d71d8	0x140518a28	96	0
0x140518ac8	0x1405d71d8	0x140518a28	208	0
0x140518af0	0x1405d7200	0x140518b18	0	0
0x140518b90	0x1405d7200	0x140518b18	96	0
0x140518bb8	0x1405d7200	0x140518b18	208	0
0x140518be0	0x1405d7228	0x140518c08	0	0
0x140518c80	0x1405d7228	0x140518c08	96	0
0x140518ca8	0x1405d7228	0x140518c08	208	0
0x140518cd0	0x1405d7250	0x140518cf8	0	0
0x140518d70	0x1405d7250	0x140518cf8	96	0
0x140518d98	0x1405d7250	0x140518cf8	208	0
0x140518dc0	0x1405d7278	0x140518de8	0	0
0x140518e60	0x1405d7278	0x140518de8	96	0
0x140518e88	0x1405d7278	0x140518de8	208	0
0x140518eb0	0x1405d72a0	0x140518ed8	0	0
0x140518f50	0x1405d72a0	0x140518ed8	96	0
0x140518f78	0x1405d72a0	0x140518ed8	208	0
0x140518fa0	0x1405d72c8	0x140518fc8	0	0
0x140519040	0x1405d72c8	0x140518fc8	96	0
0x140519068	0x1405d72c8	0x140518fc8	208	0
0x140519090	0x1405d72f0	0x1405190b8	0	0
0x140519130	0x1405d72f0	0x1405190b8	96	0
0x140519158	0x1405d72f0	0x1405190b8	208	0
0x140519180	0x1405d7318	0x1405191a8	0	0
0x140519220	0x1405d7318	0x1405191a8	96	0
0x140519248	0x1405d7318	0x1405191a8	208	0
0x140519270	0x1405d7340	0x140519298	0	0
0x1405192e8	0x1405d7370	0x140519310	0	0
0x140519360	0x1405d7398	0x140519388	0	0
0x1405194f8	0x1405d7398	0x140519388	96	0
0x140519520	0x1405d7398	0x140519388	208	0
0x140519548	0x1405d7398	0x140519388	272	0
0x140519570	0x1405d73f8	0x140519598	0	0
0x140519618	0x1405d73f8	0x140519598	96	0
0x140519640	0x1405d73f8	0x140519598	208	0
0x140519668	0x1405d73f8	0x140519598	272	0
0x140519690	0x1405d7418	0x1405196b8	0	0
0x140519738	0x1405d7418	0x1405196b8	96	0
0x140519760	0x1405d7418	0x1405196b8	208	0
0x140519788	0x1405d7418	0x1405196b8	272	0
0x1405197b0	0x1405d7438	0x1405197d8	0	0
0x140519858	0x1405d7438	0x1405197d8	96	0
0x140519880	0x1405d7438	0x1405197d8	208	0
0x1405198a8	0x1405d7438	0x1405197d8	272	0
0x1405198d0	0x1405d73d8	0x1405194a8	0	0
0x1405198f8	0x1405d73b8	0x140519430	0	0
0x140519920	0x1405d73b8	0x140519430	96	0
0x140519948	0x1405d73b8	0x140519430	208	0
0x140519970	0x1405d73b8	0x140519430	272	0
0x140519998	0x1405d7460	0x1405199c0	0	0
0x140519a30	0x1405d7460	0x1405199c0	96	0
0x140519a58	0x1405d7460	0x1405199c0	208	0
0x140519a80	0x1405d7488	0x140519aa8	0	0
0x140519b20	0x1405d7488	0x140519aa8	96	0
0x140519b48	0x1405d7488	0x140519aa8	208	0
0x140519b70	0x1405d74b0	0x140519b98	0	0
0x140519c10	0x1405d74b0	0x140519b98	96	0
0x140519c38	0x1405d74b0	0x140519b98	208	0
0x140519c60	0x1405d74d8	0x140519c88	0	0
0x140519d00	0x1405d74d8	0x140519c88	96	0
0x140519d28	0x1405d74d8	0x140519c88	208	0
0x140519d50	0x1405d7500	0x140519d78	0	0
0x140519df0	0x1405d7500	0x140519d78	96	0
0x140519e18	0x1405d7500	0x140519d78	208	0
0x140519e40	0x1405d7528	0x140519e68	0	0
0x140519ec0	0x1405d7548	0x140519ee8	0	0
0x140519f60	0x1405d7548	0x140519ee8	96	0
0x140519f88	0x1405d7548	0x140519ee8	208	0
0x140519fb0	0x1405d7568	0x140519fd8	0	0
0x14051a050	0x1405d7568	0x140519fd8	96	0
0x14051a078	0x1405d7568	0x140519fd8	208	0
0x14051a0a0	0x1405d7590	0x14051a0c8	0	0
0x14051a140	0x1405d7590	0x14051a0c8	96	0
0x14051a168	0x1405d7590	0x14051a0c8	208	0
0x14051a190	0x1405d75b8	0x14051a1b8	0	0
0x14051a230	0x1405d75b8	0x14051a1b8	96	0
0x14051a258	0x1405d75b8	0x14051a1b8	208	0
0x14051a280	0x1405d75e0	0x14051a2a8	0	0
0x14051a320	0x1405d75e0	0x14051a2a8	96	0
0x14051a348	0x1405d75e0	0x14051a2a8	208	0
0x14051a370	0x1405d7610	0x14051a398	0	0
0x14051a410	0x1405d7610	0x14051a398	96	0
0x14051a438	0x1405d7610	0x14051a398	208	0
0x14051a460	0x1405d7638	0x14051a488	0	0
0x14051a500	0x1405d7638	0x14051a488	96	0
0x14051a528	0x1405d7638	0x14051a488	208	0
0x14051a550	0x1405d7660	0x14051a578	0	0
0x14051a5f0	0x1405d7660	0x14051a578	96	0
0x14051a618	0x1405d7660	0x14051a578	208	0
0x14051a640	0x1405d7688	0x14051a668	0	0
0x14051a6e0	0x1405d7688	0x14051a668	96	0
0x14051a708	0x1405d7688	0x14051a668	208	0
0x14051a730	0x1405d76b0	0x14051a758	0	0
0x14051a7d0	0x1405d76b0	0x14051a758	96	0
0x14051a7f8	0x1405d76b0	0x14051a758	208	0
0x14051a820	0x1405d76d8	0x14051a848	0	0
0x14051a9d0	0x1405d7770	0x14051a9f8	0	0
0x14051aa68	0x1405d7798	0x14051aa90	0	0
0x14051ab00	0x1405d77c0	0x14051ab28	0	0
0x14051ab98	0x1405d77e8	0x14051abc0	0	0
0x14051ac30	0x1405d7810	0x14051ac58	0	0
0x14051acc8	0x1405d7838	0x14051acf0	0	0
0x14051ad60	0x1405d7860	0x14051ad88	0	0
0x14051adf8	0x1405d7888	0x14051ae20	0	0
0x14051ae90	0x1405d78b0	0x14051aeb8	0	0
0x14051af28	0x1405d78d8	0x14051af50	0	0
0x14051afc0	0x1405d7900	0x14051afe8	0	0
0x14051b058	0x1405d7928	0x14051b080	0	0
0x14051b0f0	0x1405d7950	0x14051b118	0	0
0x14051b168	0x1405d7970	0x14051b190	0	0
0x14051b1e8	0x1405d7998	0x14051b210	0	0
0x14051b260	0x1405d79b8	0x14051b288	0	0
0x14051b2d8	0x1405d79d8	0x14051b300	0	0
0x14051b350	0x1405d7a00	0x14051b378	0	0
0x14051b3d0	0x1405d7a28	0x14051b3f8	0	0
0x14051b448	0x1405d7a50	0x14051b470	0	0
0x14051b4c8	0x1405d7a78	0x14051b4f0	0	0
0x14051b548	0x1405d7aa0	0x14051b570	0	0
0x14051b5c8	0x1405d7ac8	0x14051b5f0	0	0
0x14051b6c0	0x1405d7b20	0x14051b6e8	0	0
0x14051b738	0x1405d7b40	0x14051b760	0	0
0x14051b7b8	0x1405d7b68	0x14051b7e0	0	0
0x14051b838	0x1405d7b90	0x14051b860	0	0
0x14051b8b8	0x1405d7bb8	0x14051b8e0	0	0
0x14051b938	0x1405d7be0	0x14051b960	0	0
0x14051b9c0	0x1405d7c08	0x14051b9e8	0	0
0x14051ba40	0x1405d7c30	0x14051ba68	0	0
0x14051bac0	0x1405d7c58	0x14051bae8	0	0
0x14051bb40	0x1405d7c80	0x14051bb68	0	0
0x14051bbc0	0x1405d7ca8	0x14051bbe8	0	0
0x14051bc38	0x1405d7cd0	0x14051bc60	0	0
0x14051bcb8	0x1405d7cf8	0x14051bce0	0	0
0x14051bd38	0x1405d7d20	0x14051bd60	0	0
0x14051bdd0	0x1405d7d20	0x14051bd60	8	0
0x14051bdf8	0x1405d7d48	0x14051be20	0	0
0x14051be78	0x1405d5c70	0x14050f7c8	0	0
0x14051bea0	0x1405d5c70	0x14050f7c8	96	0
0x14051bec8	0x1405d5c70	0x14050f7c8	208	0
0x14051bef0	0x1405d6508	0x1405139d8	0	0
0x14051bf18	0x1405d6508	0x1405139d8	96	0
0x14051bf40	0x1405d6508	0x1405139d8	208	0
0x14051bf68	0x1405d6508	0x1405139d8	272	0
0x14051bf90	0x1405d7d70	0x14051bfb8	0	0
0x14051c010	0x1405d7d98	0x14051c038	0	0
0x14051c090	0x1405d6d20	0x14051c0b8	0	0
0x14051c108	0x1405d7db8	0x14051c130	0	0
0x14051c1d0	0x1405d7db8	0x14051c130	96	0
0x14051c1f8	0x1405d7db8	0x14051c130	208	0
0x14051c220	0x1405d7db8	0x14051c130	272	0
0x14051c248	0x1405d7de0	0x14051c270	0	0
0x14051c2e8	0x1405d7de0	0x14051c270	96	0
0x14051c310	0x1405d7de0	0x14051c270	208	0
0x14051c338	0x1405d7de0	0x14051c270	272	0
0x14051c360	0x1405d7e08	0x14051c388	0	0
0x14051c3f8	0x1405d7e08	0x14051c388	96	0
0x14051c420	0x1405d7e08	0x14051c388	208	0
0x14051c448	0x1405d7e30	0x14051c470	0	0
0x14051c4e8	0x1405d7e30	0x14051c470	96	0
0x14051c510	0x1405d7e30	0x14051c470	208	0
0x14051c538	0x1405d7e30	0x14051c470	272	0
0x14051c560	0x1405d7e58	0x14051c588	0	0
0x14051c600	0x1405d7e58	0x14051c588	96	0
0x14051c628	0x1405d7e58	0x14051c588	208	0
0x14051c650	0x1405d7e58	0x14051c588	272	0
0x14051c678	0x1405d7e80	0x14051c6a0	0	0
0x14051c718	0x1405d7e80	0x14051c6a0	96	0
0x14051c740	0x1405d7e80	0x14051c6a0	208	0
0x14051c768	0x1405d7e80	0x14051c6a0	272	0
0x14051c790	0x1405d7eb0	0x14051c7b8	0	0
0x14051c840	0x1405d7eb0	0x14051c7b8	96	0
0x14051c868	0x1405d7ed8	0x14051c890	0	0
0x14051c908	0x1405d7ed8	0x14051c890	96	0
0x14051c930	0x1405d7ed8	0x14051c890	208	0
0x14051c958	0x1405d7ed8	0x14051c890	272	0
0x14051c980	0x1405d7f00	0x14051c9a8	0	0
0x14051ca20	0x1405d7f00	0x14051c9a8	96	0
0x14051ca48	0x1405d7f00	0x14051c9a8	208	0
0x14051ca70	0x1405d7f00	0x14051c9a8	272	0
0x14051ca98	0x1405d7f28	0x14051cac0	0	0
0x14051cb38	0x1405d7f28	0x14051cac0	96	0
0x14051cb60	0x1405d7f28	0x14051cac0	208	0
0x14051cb88	0x1405d7f28	0x14051cac0	272	0
0x14051cbb0	0x1405d7f50	0x14051cbd8	0	0
0x14051cc50	0x1405d7f50	0x14051cbd8	96	0
0x14051cc78	0x1405d7f50	0x14051cbd8	208	0
0x14051cca0	0x1405d7f50	0x14051cbd8	272	0
0x14051ccc8	0x1405d7f78	0x14051ccf0	0	0
0x14051cd68	0x1405d7f78	0x14051ccf0	96	0
0x14051cd90	0x1405d7f78	0x14051ccf0	208	0
0x14051cdb8	0x1405d7f78	0x14051ccf0	272	0
0x14051cde0	0x1405d7fa0	0x14051ce08	0	0
0x14051ce80	0x1405d7fa0	0x14051ce08	96	0
0x14051cea8	0x1405d7fa0	0x14051ce08	208	0
0x14051ced0	0x1405d7fa0	0x14051ce08	272	0
0x14051cef8	0x1405d7fc8	0x14051cf20	0	0
0x14051cf98	0x1405d7fc8	0x14051cf20	96	0
0x14051cfc0	0x1405d7fc8	0x14051cf20	208	0
0x14051cfe8	0x1405d7fc8	0x14051cf20	272	0
0x14051d010	0x1405d7ff0	0x14051d038	0	0
0x14051d0b0	0x1405d7ff0	0x14051d038	96	0
0x14051d0d8	0x1405d7ff0	0x14051d038	208	0
0x14051d100	0x1405d7ff0	0x14051d038	272	0
0x14051d128	0x1405d8018	0x14051d150	0	0
0x14051d208	0x1405d8018	0x14051d150	96	0
0x14051d230	0x1405d8018	0x14051d150	208	0
0x14051d258	0x1405d8018	0x14051d150	272	0
0x14051d280	0x1405d8018	0x14051d150	384	0
0x14051d2a8	0x1405d8040	0x14051d2d0	0	0
0x14051d348	0x1405d8040	0x14051d2d0	96	0
0x14051d370	0x1405d8040	0x14051d2d0	208	0
0x14051d398	0x1405d8040	0x14051d2d0	272	0
0x14051d3c0	0x1405d8068	0x14051d3e8	0	0
0x14051d448	0x1405d8068	0x14051d3e8	96	0
0x14051d470	0x1405d8090	0x14051d498	0	0
0x14051d520	0x1405d8090	0x14051d498	96	0
0x14051d548	0x1405d8090	0x14051d498	208	0
0x14051d570	0x1405d8090	0x14051d498	272	0
0x14051d598	0x1405d8090	0x14051d498	384	0
0x14051d5c0	0x1405d80b8	0x14051d5e8	0	0
0x14051d660	0x1405d80b8	0x14051d5e8	96	0
0x14051d688	0x1405d80b8	0x14051d5e8	208	0
0x14051d6b0	0x1405d80b8	0x14051d5e8	272	0
0x14051d6d8	0x1405d80e0	0x14051d700	0	0
0x14051d790	0x1405d80e0	0x14051d700	96	0
0x14051d7b8	0x1405d80e0	0x14051d700	208	0
0x14051d7e0	0x1405d80e0	0x14051d700	272	0
0x14051d808	0x1405d80e0	0x14051d700	384	0
0x14051d830	0x1405d8108	0x14051d858	0	0
0x14051d8d0	0x1405d8108	0x14051d858	96	0
0x14051d8f8	0x1405d8108	0x14051d858	208	0
0x14051d920	0x1405d8108	0x14051d858	272	0
0x14051d948	0x1405d8130	0x14051d970	0	0
0x14051d9e8	0x1405d8130	0x14051d970	96	0
0x14051da10	0x1405d8130	0x14051d970	208	0
0x14051da38	0x1405d8130	0x14051d970	272	0
0x14051da60	0x1405d8158	0x14051da88	0	0
0x14051db00	0x1405d8158	0x14051da88	96	0
0x14051db28	0x1405d8158	0x14051da88	208	0
0x14051db50	0x1405d8158	0x14051da88	272	0
0x14051db78	0x1405d8180	0x14051dba0	0	0
0x14051dc00	0x1405d8180	0x14051dba0	96	0
0x14051dc28	0x1405d81a8	0x14051dc50	0	0
0x14051dcc8	0x1405d81a8	0x14051dc50	96	0
0x14051dcf0	0x1405d81a8	0x14051dc50	208	0
0x14051dd18	0x1405d81a8	0x14051dc50	272	0
0x14051dd40	0x1405d81d0	0x14051dd68	0	0
0x14051dde0	0x1405d81d0	0x14051dd68	96	0
0x14051de08	0x1405d81d0	0x14051dd68	208	0
0x14051de30	0x1405d81d0	0x14051dd68	272	0
0x14051de58	0x1405d81f8	0x14051de80	0	0
0x14051def8	0x1405d81f8	0x14051de80	96	0
0x14051df20	0x1405d81f8	0x14051de80	208	0
0x14051df48	0x1405d81f8	0x14051de80	272	0
0x14051df70	0x1405d8220	0x14051df98	0	0
0x14051e018	0x1405d8220	0x14051df98	96	0
0x14051e040	0x1405d8220	0x14051df98	208	0
0x14051e068	0x1405d8220	0x14051df98	272	0
0x14051e090	0x1405d8248	0x14051e0b8	0	0
0x14051e130	0x1405d8248	0x14051e0b8	96	0
0x14051e158	0x1405d8248	0x14051e0b8	208	0
0x14051e180	0x1405d8248	0x14051e0b8	272	0
0x14051e1a8	0x1405d8270	0x14051e1d0	0	0
0x14051e248	0x1405d8270	0x14051e1d0	96	0
0x14051e270	0x1405d8270	0x14051e1d0	208	0
0x14051e298	0x1405d8270	0x14051e1d0	272	0
0x14051e2c0	0x1405d8298	0x14051e2e8	0	0
0x14051e360	0x1405d8298	0x14051e2e8	96	0
0x14051e388	0x1405d8298	0x14051e2e8	208	0
0x14051e3b0	0x1405d8298	0x14051e2e8	272	0
0x14051e3d8	0x1405d82c0	0x14051e400	0	0
0x14051e470	0x1405d82c0	0x14051e400	96	0
0x14051e498	0x1405d82c0	0x14051e400	208	0
0x14051e4c0	0x1405d82f0	0x14051e4e8	0	0
0x14051e548	0x1405d82f0	0x14051e4e8	96	0
0x14051e570	0x1405d8318	0x14051e598	0	0
0x14051e5e8	0x1405d8338	0x14051e610	0	0
0x14051e668	0x1405d8360	0x14051e690	0	0
0x14051e6e8	0x1405d8388	0x14051e710	0	0
0x14051e768	0x1405d83b0	0x14051e790	0	0
0x14051e7e8	0x1405d83d8	0x14051e810	0	0
0x14051e868	0x1405d8400	0x14051e890	0	0
0x14051e8e8	0x1405d8428	0x14051e910	0	0
0x14051e968	0x1405d8450	0x14051e990	0	0
0x14051e9e8	0x1405d8478	0x14051ea10	0	0
0x14051ea68	0x1405d84a0	0x14051ea90	0	0
0x14051eae8	0x1405d84c8	0x14051eb10	0	0
0x14051eb68	0x1405d84f0	0x14051eb90	0	0
0x14051ebe8	0x1405d8518	0x14051ec10	0	0
0x14051ec68	0x1405d8540	0x14051ec90	0	0
0x14051ece8	0x1405d8568	0x14051ed10	0	0
0x14051ed68	0x1405d8590	0x14051ed90	0	0
0x14051ede8	0x1405d85b8	0x14051ee10	0	0
0x14051ee68	0x1405d85e0	0x14051ee90	0	0
0x14051eee8	0x1405d8608	0x14051ef10	0	0
0x14051ef68	0x1405d8630	0x14051ef90	0	0
0x14051efe8	0x1405d8658	0x14051f010	0	0
0x14051f068	0x1405d8680	0x14051f090	0	0
0x14051f0e8	0x1405d86a8	0x14051f110	0	0
0x14051f168	0x1405d86d0	0x14051f190	0	0
0x14051f1e8	0x1405d86f8	0x14051f210	0	0
0x14051f268	0x1405d8718	0x14051f290	0	0
0x14051f2e8	0x1405d8740	0x14051f310	0	0
0x14051f368	0x1405d8768	0x14051f390	0	0
0x14051f3e8	0x1405d8790	0x14051f410	0	0
0x14051f468	0x1405d87b8	0x14051f490	0	0
0x14051f4e8	0x1405d87e0	0x14051f510	0	0
0x14051f568	0x1405d8808	0x14051f590	0	0
0x14051f5e8	0x1405d8830	0x14051f610	0	0
0x14051f668	0x1405d8858	0x14051f690	0	0
0x14051f6e8	0x1405d8880	0x14051f710	0	0
0x14051f768	0x1405d88a8	0x14051f790	0	0
0x14051f7e8	0x1405d88d0	0x14051f810	0	0
0x14051f868	0x1405d88f8	0x14051f890	0	0
0x14051f8e8	0x1405d8920	0x14051f910	0	0
0x14051f968	0x1405d8948	0x14051f990	0	0
0x14051f9e8	0x1405d8970	0x14051fa10	0	0
0x14051fa68	0x1405d8998	0x14051fa90	0	0
0x14051fae8	0x1405d89c0	0x14051fb10	0	0
0x14051fb68	0x1405d89e0	0x14051fb90	0	0
0x14051fbe8	0x1405d8a08	0x14051fc10	0	0
0x14051fc68	0x1405d8a30	0x14051fc90	0	0
0x14051fce8	0x1405d55a8	0x14050dc68	0	0
0x14051fd10	0x1405d8a58	0x14051fd38	0	0
0x14051fd90	0x1405d8a80	0x14051fdb8	0	0
0x14051fe10	0x1405d8aa8	0x14051fe38	0	0
0x14051fe98	0x1405d8ac8	0x14051fec0	0	0
0x14051ff10	0x1405d8af0	0x14051ff38	0	0
0x14051ff90	0x1405d8b18	0x14051ffb8	0	0
0x140520018	0x1405d8b40	0x140520040	0	0
0x1405200a0	0x1405d8b60	0x1405200c8	0	0
0x140520118	0x1405d8b88	0x140520140	0	0
0x140520198	0x1405d8bb0	0x1405201c0	0	0
0x140520210	0x1405d8bd0	0x140520238	0	0
0x140520290	0x1405d8bf8	0x1405202b8	0	0
0x140520310	0x1405d8c20	0x140520338	0	0
0x140520390	0x1405d8c48	0x1405203b8	0	0
0x140520410	0x1405d8c70	0x140520438	0	0
0x140520490	0x1405d8c90	0x1405204b8	0	0
0x140520510	0x1405d8cb8	0x140520538	0	0
0x140520590	0x1405d8ce0	0x1405205b8	0	0
0x140520610	0x1405d8d08	0x140520638	0	0
0x140520690	0x1405d8d30	0x1405206b8	0	0
0x140520710	0x1405d8d58	0x140520738	0	0
0x140520790	0x1405d8d80	0x1405207b8	0	0
0x140520810	0x1405d8da8	0x140520838	0	0
0x140520890	0x1405d8dc8	0x1405208b8	0	0
0x140520918	0x1405d8de8	0x140520940	0	0
0x140520990	0x1405d8e08	0x1405209b8	0	0
0x140520a08	0x1405d8e50	0x140520a30	0	0
0x140520a80	0x1405d8e28	0x140520aa8	0	0
0x140520b00	0x1405d8e78	0x140520b28	0	0
