type_va	decorated_name	referenced_by_validated_hierarchy
0x1405d5118	.?AVFullMotionVideo@DMC3@@	true
0x1405d5148	.?AVFullMotionVideoManager@DMC3@@	true
0x1405d5180	.?AVRequest@AsyncIOThread@?A0xdf511c96@@	true
0x1405d51c0	.?AVReadRequest@AsyncIOThread@?A0xdf511c96@@	true
0x1405d5200	.?AVgfxClut@@	true
0x1405d5220	.?AVgfxTexture@@	true
0x1405d5248	.?AUIUnknown@@	true
0x1405d5268	.?AVPCFullMotionVideoManager@DMC3@@	true
0x1405d52a0	.?AUIXAudio2VoiceCallback@DMC3@@	true
0x1405d52d8	.?AUIMMNotificationClient@DMC3@@	true
0x1405d5310	.?AUPlaySoundStreamVoiceContext@DMC3@@	true
0x1405d5348	.?AVPCFullMotionVideo@DMC3@@	true
0x1405d5378	.?AVPCRenderTarget@@	true
0x1405d53a0	.?AVnbCriticalSection@@	true
0x1405d53c8	.?AVPCCriticalSection@@	true
0x1405d53f0	.?AVIActor@@	true
0x1405d5410	.?AVCWork@@	true
0x1405d5430	.?AVCActor@@	true
0x1405d5450	.?AVICollisionHandle@@	true
0x1405d5478	.?AVCAfterImage@@	true
0x1405d54a0	.?AVISceneFactory@@	true
0x1405d54c8	.?AVCSceneMgr@@	true
0x1405d54e8	.?AVCSceneFactoryApp@@	true
0x1405d5510	.?AVCSceneMgrRoot@@	true
0x1405d5538	.?AVCSystemData@@	true
0x1405d5560	.?AVCSpline@@	true
0x1405d5580	.?AVCCameraRailBase@@	true
0x1405d55a8	.?AVCCamera@@	true
0x1405d55c8	.?AVCCameraPan@@	true
0x1405d55f0	.?AVCCameraRail@@	true
0x1405d5618	.?AVCCameraRailW@@	true
0x1405d5640	.?AVCCameraRel@@	true
0x1405d5668	.?AVICom@@	true
0x1405d5688	.?AVCCom@@	true
0x1405d56a8	.?AVIComActionState@@	true
0x1405d56d0	.?AVIComAction@@	true
0x1405d56f8	.?AVCComAction@@	true
0x1405d5720	.?AVCComEm000@@	true
0x1405d5740	.?AVCComEm005@@	true
0x1405d5760	.?AVCComEm006@@	true
0x1405d5780	.?AVCComEm008@@	true
0x1405d57a0	.?AVCCustomize@@	true
0x1405d57c8	.?AVCCustomizeData@@	true
0x1405d57f0	.?AVIDamage@@	true
0x1405d5810	.?AVCDamage@@	true
0x1405d5830	.?AVCDamageDeath@@	true
0x1405d5858	.?AVCDamageMulti@@	true
0x1405d5880	.?AVCDamageIndex@@	true
0x1405d58a8	.?AVIDamageCalc@@	true
0x1405d58d0	.?AVCDamageCalc@@	true
0x1405d58f8	.?AVCDemoProg@@	true
0x1405d5918	.?AVIDifficult@@	true
0x1405d5940	.?AVCDifficult@@	true
0x1405d5968	.?AVIDrawOperate@@	true
0x1405d5990	.?AVCDrawOperate@@	true
0x1405d59b8	.?AVIDraw@@	true
0x1405d59d8	.?AVCDraw@@	true
0x1405d59f8	.?AVCDrawSCM@@	true
0x1405d5a18	.?AVIDrawCrush@@	true
0x1405d5a40	.?AVCDrawCrush@@	true
0x1405d5a68	.?AVIDrawShadow@@	true
0x1405d5a90	.?AVCDrawShadow@@	true
0x1405d5ab8	.?AVIDrawUV@@	true
0x1405d5ad8	.?AVCDrawUV@@	true
0x1405d5af8	.?AVCEfc@@	true
0x1405d5b18	.?AVCEfcCartridge@@	true
0x1405d5b40	.?AVCEfcPub@@	true
0x1405d5b60	.?AVCEfcShadow@@	true
0x1405d5b88	.?AVCEm000@@	true
0x1405d5ba8	.?AVCNonPlayerDeath@@	true
0x1405d5bd0	.?AVCNonPlayer@@	true
0x1405d5bf8	.?AVINonPlayer@@	true
0x1405d5c20	.?AVINonPlayerDeath@@	true
0x1405d5c48	.?AVCEm000Shl00@@	true
0x1405d5c70	.?AVCShell@@	true
0x1405d5c90	.?AVCEm000Shl01@@	true
0x1405d5cb8	.?AVCEm001@@	true
0x1405d5cd8	.?AVCEm002@@	true
0x1405d5cf8	.?AVCEm003@@	true
0x1405d5d18	.?AVCEm004@@	true
0x1405d5d38	.?AVCEm005@@	true
0x1405d5d58	.?AVCEm005Shl00@@	true
0x1405d5d80	.?AVCConstraint@@	true
0x1405d5da8	.?AVCCnsChain@@	true
0x1405d5dc8	.?AVCEm005Shl01@@	true
0x1405d5df0	.?AVCEm006@@	true
0x1405d5e10	.?AVCEm006Shl00@@	true
0x1405d5e38	.?AVCEm007@@	true
0x1405d5e58	.?AVCCnsDirPos@@	true
0x1405d5e80	.?AVCEm008@@	true
0x1405d5ea0	.?AVCCnsRandom@@	true
0x1405d5ec8	.?AVCCnsIK@@	true
0x1405d5ee8	.?AVCCnsMatrix@@	true
0x1405d5f10	.?AVCEm010@@	true
0x1405d5f30	.?AVCEm010Baby@@	true
0x1405d5f58	.?AVCEm010Shl00@@	true
0x1405d5f80	.?AVCEm010Shl01@@	true
0x1405d5fa8	.?AVCEm011@@	true
0x1405d5fc8	.?AVCEm011Shl00@@	true
0x1405d5ff0	.?AVCSpreadBone@@	true
0x1405d6018	.?AVCEm012@@	true
0x1405d6038	.?AVCEm013@@	true
0x1405d6058	.?AVCEm014@@	true
0x1405d6078	.?AVCEm014Shl00@@	true
0x1405d60a0	.?AVCEm014Shl01@@	true
0x1405d60c8	.?AVCEm016@@	true
0x1405d60e8	.?AVCEm017@@	true
0x1405d6108	.?AVCEm017Master@@	true
0x1405d6130	.?AVCEm017Shl00@@	true
0x1405d6158	.?AVCEm019Shl00@@	true
0x1405d6180	.?AVCEm020Shl00@@	true
0x1405d61a8	.?AVCEm021@@	true
0x1405d61c8	.?AVCEm022Shl00@@	true
0x1405d61f0	.?AVCChainNode@@	true
0x1405d6218	.?AVCLight@@	true
0x1405d6238	.?AVCEm023Body@@	true
0x1405d6260	.?AVCDamageEm023@@	true
0x1405d6288	.?AVCEm023@@	true
0x1405d62a8	.?AVCEm023Shl00@@	true
0x1405d62d0	.?AVCEm023Shl01@@	true
0x1405d62f8	.?AVCEm023Shl02@@	true
0x1405d6320	.?AVCEm023Shl03@@	true
0x1405d6348	.?AVCEm023Shl04@@	true
0x1405d6370	.?AVCEm023Shl05@@	true
0x1405d6398	.?AVCEm025@@	true
0x1405d63b8	.?AVCEm025Shl00@@	true
0x1405d63e0	.?AVCEm025Shl01@@	true
0x1405d6408	.?AVCEm025Shl02@@	true
0x1405d6430	.?AVCEm026@@	true
0x1405d6450	.?AVCEm026Shl00@@	true
0x1405d6478	.?AVCEm026Shl01@@	true
0x1405d64a0	.?AVCEm027@@	true
0x1405d64c0	.?AVCEm028@@	true
0x1405d64e0	.?AVCEm028Shl00@@	true
0x1405d6508	.?AVCShell2@@	true
0x1405d6528	.?AVCEm028Shl01@@	true
0x1405d6550	.?AVCEm028Shl02@@	true
0x1405d6578	.?AVCEm028Shl03@@	true
0x1405d65a0	.?AVCEm028Shl04@@	true
0x1405d65c8	.?AVCEm028Shl05@@	true
0x1405d65f0	.?AVCEm028Shl06@@	true
0x1405d6618	.?AVCEm028Shl07@@	true
0x1405d6640	.?AVCEm029@@	true
0x1405d6660	.?AVCEm029Cart@@	true
0x1405d6688	.?AVCEm029Shl00@@	true
0x1405d66b0	.?AVCEm029Shl01@@	true
0x1405d66d8	.?AVCEm029Shl02@@	true
0x1405d6700	.?AVCEm029Shl03@@	true
0x1405d6728	.?AVCEm029Shl04@@	true
0x1405d6750	.?AVCEm029Shl05@@	true
0x1405d6778	.?AVCEm030@@	true
0x1405d6798	.?AVCEm030Shl00@@	true
0x1405d67c0	.?AVCEm030Shl01@@	true
0x1405d67e8	.?AVCEm031@@	true
0x1405d6808	.?AVCEm031Shl00@@	true
0x1405d6830	.?AVCDamageHaine2@@	true
0x1405d6858	.?AVCEm032@@	true
0x1405d6878	.?AVCEm032Shl00@@	true
0x1405d68a0	.?AVCEm032Shl01@@	true
0x1405d68c8	.?AVCEm033@@	true
0x1405d68e8	.?AVCEm034@@	true
0x1405d6908	.?AVCEm034Shl00@@	true
0x1405d6930	.?AVCEm034Shl01@@	true
0x1405d6958	.?AVCEm034Shl02@@	true
0x1405d6980	.?AVCEm034Shl03@@	true
0x1405d69a8	.?AVCEm034Shl04@@	true
0x1405d69d0	.?AVCEm034Shl05@@	true
0x1405d69f8	.?AVCEm035@@	true
0x1405d6a18	.?AVCEm035Shl00@@	true
0x1405d6a40	.?AVCEm035Shl01@@	true
0x1405d6a68	.?AVCEm035Shl02@@	true
0x1405d6a90	.?AVCEm037@@	true
0x1405d6ab0	.?AVCEm037Ball@@	true
0x1405d6ad8	.?AVCEm037Shl00@@	true
0x1405d6b00	.?AVCEm037Shl00Ctrl@@	true
0x1405d6b28	.?AVCEm037Shl01@@	true
0x1405d6b50	.?AVCEm037Shl01Ctrl@@	true
0x1405d6b78	.?AVCEm037Shl02@@	true
0x1405d6ba0	.?AVCEm037Shl02Ctrl@@	true
0x1405d6bc8	.?AVCEm037Shl03@@	true
0x1405d6bf0	.?AVCEm037Shl04@@	true
0x1405d6c18	.?AVCEm037Shl04Ctrl@@	true
0x1405d6c40	.?AVCEm037Shl05@@	true
0x1405d6c68	.?AVCEm037Shl05Ctrl@@	true
0x1405d6c90	.?AVCEm037Shl07@@	true
0x1405d6cb8	.?AVCEm037ShlEffCtrl@@	true
0x1405d6ce0	.?AVCEmShl000@@	true
0x1405d6d00	.?AVCEmShl01@@	true
0x1405d6d20	.?AVCStageSet@@	true
0x1405d6d40	.?AV?$CList@VCNonPlayer@@@@	true
0x1405d6d70	.?AVIFactoryEnemy@@	true
0x1405d6d98	.?AVCFactoryEnemy@@	true
0x1405d6dc0	.?AVCHeartShl00@@	true
0x1405d6de8	.?AVCHeartShl01@@	true
0x1405d6e10	.?AVCHeartShl02@@	true
0x1405d6e38	.?AVIHitMark@@	true
0x1405d6e58	.?AVCHitMark@@	true
0x1405d6e78	.?AVCItem@@	true
0x1405d6e98	.?AVCItemGet@@	true
0x1405d6eb8	.?AVCItemKey@@	true
0x1405d6ed8	.?AVCItemOrb@@	true
0x1405d6ef8	.?AVCMisSelect@@	true
0x1405d6f20	.?AVCNonPlayerDeathEffect@@	true
0x1405d6f50	.?AVCNonPlayerDeathEffect2@@	true
0x1405d6f80	.?AVIPermitAttack@@	true
0x1405d6fa8	.?AVCPermitAttack@@	true
0x1405d6fd0	.?AVCPl000Shl00@@	true
0x1405d6ff8	.?AVCPl000Shl01@@	true
0x1405d7020	.?AVCPl000Shl02@@	true
0x1405d7048	.?AVCPl000Shl03@@	true
0x1405d7070	.?AVCPl000Shl04@@	true
0x1405d7098	.?AVCPl000Shl05@@	true
0x1405d70c0	.?AVCPl000Shl06@@	true
0x1405d70e8	.?AVCPl000Shl07@@	true
0x1405d7110	.?AVCPl000Shl08@@	true
0x1405d7138	.?AVCPl000Shl09@@	true
0x1405d7160	.?AVCPl000Shl0a@@	true
0x1405d7188	.?AVCPl000Shl0b@@	true
0x1405d71b0	.?AVCPl000Shl0c@@	true
0x1405d71d8	.?AVCPl000Shl0cICE@@	true
0x1405d7200	.?AVCPl000Shl0d@@	true
0x1405d7228	.?AVCPl000Shl0e@@	true
0x1405d7250	.?AVCPl000Shl0f@@	true
0x1405d7278	.?AVCPl000Shl10@@	true
0x1405d72a0	.?AVCPl021Shl00@@	true
0x1405d72c8	.?AVCPl021Shl01@@	true
0x1405d72f0	.?AVCPl021Shl02@@	true
0x1405d7318	.?AVCPl021Shl03@@	true
0x1405d7340	.?AV?$CList@VCLockOnTarget@@@@	true
0x1405d7370	.?AVCKeyBuffer@@	true
0x1405d7398	.?AVCPlDante@@	true
0x1405d73b8	.?AVCPlayer@@	true
0x1405d73d8	.?AVIPlayer@@	true
0x1405d73f8	.?AVCPlVergil@@	true
0x1405d7418	.?AVCPlLady@@	true
0x1405d7438	.?AVCPlNewVergil@@	true
0x1405d7460	.?AVCPlayerWeapon@@	true
0x1405d7488	.?AVCPlWp2Sword@@	true
0x1405d74b0	.?AVCPlWpFight@@	true
0x1405d74d8	.?AVCPlWpFoeceEdge@@	true
0x1405d7500	.?AVCPlWpGuitar@@	true
0x1405d7528	.?AVCString@@	true
0x1405d7548	.?AVCPlWpGun@@	true
0x1405d7568	.?AVCPlWpLadyGun@@	true
0x1405d7590	.?AVCPlWpLaser@@	true
0x1405d75b8	.?AVCPlWpNeroSword@@	true
0x1405d75e0	.?AVCPlWpNewVergilSword@@	true
0x1405d7610	.?AVCPlWpNunchaku@@	true
0x1405d7638	.?AVCPlWpRifle@@	true
0x1405d7660	.?AVCPlWpShotGun@@	true
0x1405d7688	.?AVCPlWpSword@@	true
0x1405d76b0	.?AVCPlWpVergilSword@@	true
0x1405d76d8	.?AVCEffectBase@@	true
0x1405d7700	.?AVCParticle@@	true
0x1405d7720	.?AVCRealParticle@@	true
0x1405d7748	.?AVCFakeParticle@@	true
0x1405d7770	.?AVCPtclLine00@@	true
0x1405d7798	.?AVCFPtclLine00@@	true
0x1405d77c0	.?AVCPtclLine01@@	true
0x1405d77e8	.?AVCFPtclLine01@@	true
0x1405d7810	.?AVCPtclLine02@@	true
0x1405d7838	.?AVCFPtclLine02@@	true
0x1405d7860	.?AVCPtclPoly00@@	true
0x1405d7888	.?AVCFPtclPoly00@@	true
0x1405d78b0	.?AVCPtclPoly01@@	true
0x1405d78d8	.?AVCFPtclPoly01@@	true
0x1405d7900	.?AVCPtclSprt00@@	true
0x1405d7928	.?AVCFPtclSprt00@@	true
0x1405d7950	.?AVCScene@@	true
0x1405d7970	.?AVCSceneMgrGame@@	true
0x1405d7998	.?AVCChain@@	true
0x1405d79b8	.?AVCLightMgr@@	true
0x1405d79d8	.?AVCLightStatic@@	true
0x1405d7a00	.?AVSLoadOneGame@@	true
0x1405d7a28	.?AVCGameLoader@@	true
0x1405d7a50	.?AVCSceneBoot@@	true
0x1405d7a78	.?AVCSceneOpening@@	true
0x1405d7aa0	.?AVCSceneStartMenu@@	true
0x1405d7ac8	.?AVCEventMission@@	true
0x1405d7af0	.?AVCEventMissionLight@@	true
0x1405d7b20	.?AVCGameW@@	true
0x1405d7b40	.?AVCSceneMisSelect@@	true
0x1405d7b68	.?AVCSceneGameMain@@	true
0x1405d7b90	.?AVCSceneGame@@	true
0x1405d7bb8	.?AVCCameraPlayer@@	true
0x1405d7be0	.?AVCCameraBoss@@	true
0x1405d7c08	.?AVCCameraCtrl@@	true
0x1405d7c30	.?AVCCameraMiniDemo@@	true
0x1405d7c58	.?AVCSceneDemo@@	true
0x1405d7c80	.?AVCSceneMisStart@@	true
0x1405d7ca8	.?AVCExtraInfo@@	true
0x1405d7cd0	.?AVCSceneResult@@	true
0x1405d7cf8	.?AVCSceneEnding@@	true
0x1405d7d20	.?AVCDrawBreak@@	true
0x1405d7d48	.?AVCScrnBreak@@	true
0x1405d7d70	.?AVCStaffRoll@@	true
0x1405d7d98	.?AVCStage@@	true
0x1405d7db8	.?AVCStageSetBingo@@	true
0x1405d7de0	.?AVCStageSetBreak@@	true
0x1405d7e08	.?AVCStageSetShl00@@	true
0x1405d7e30	.?AVCStageSetBrocken@@	true
0x1405d7e58	.?AVCStageSetCatapult@@	true
0x1405d7e80	.?AVCStageSetCollision@@	true
0x1405d7eb0	.?AVCStageSetColor@@	true
0x1405d7ed8	.?AVCStageSetCombo@@	true
0x1405d7f00	.?AVCStageSetCrystal@@	true
0x1405d7f28	.?AVCStageSetEye@@	true
0x1405d7f50	.?AVCStageSetFence@@	true
0x1405d7f78	.?AVCStageSetGate@@	true
0x1405d7fa0	.?AVCStageSetGearArch@@	true
0x1405d7fc8	.?AVCStageSetHang@@	true
0x1405d7ff0	.?AVCStageSetHang2@@	true
0x1405d8018	.?AVCStageSetHeart@@	true
0x1405d8040	.?AVCStageSetLift@@	true
0x1405d8068	.?AVCStageSetLight@@	true
0x1405d8090	.?AVCStageSetLungs@@	true
0x1405d80b8	.?AVCStageSetMirror@@	true
0x1405d80e0	.?AVCStageSetNausika@@	true
0x1405d8108	.?AVCStageSetNeedle@@	true
0x1405d8130	.?AVCStageSetORBreak@@	true
0x1405d8158	.?AVCStageSetRoad@@	true
0x1405d8180	.?AVCStageSetSe@@	true
0x1405d81a8	.?AVCStageSetSeal@@	true
0x1405d81d0	.?AVCStageSetSlide@@	true
0x1405d81f8	.?AVCStageSetStayDemo@@	true
0x1405d8220	.?AVCStageSetStay@@	true
0x1405d8248	.?AVCStageSetStomach@@	true
0x1405d8270	.?AVCStageSetSwitch@@	true
0x1405d8298	.?AVCStageSetTruck@@	true
0x1405d82c0	.?AVCStageSetTruckEnemy@@	true
0x1405d82f0	.?AVCStageSetYure@@	true
0x1405d8318	.?AVCStatus@@	true
0x1405d8338	.?AVCUIDBright@@	true
0x1405d8360	.?AVCUIDCockpit00@@	true
0x1405d8388	.?AVCUIDCockpit01@@	true
0x1405d83b0	.?AVCUIDCockpit02@@	true
0x1405d83d8	.?AVCUIDComnBg@@	true
0x1405d8400	.?AVCUIDControl@@	true
0x1405d8428	.?AVCUIDCustomGun@@	true
0x1405d8450	.?AVCUIDCustomGunV@@	true
0x1405d8478	.?AVCUIDCustomIndex@@	true
0x1405d84a0	.?AVCUIDCustomItem@@	true
0x1405d84c8	.?AVCUIDCustomSkill@@	true
0x1405d84f0	.?AVCUIDCustomWeapon@@	true
0x1405d8518	.?AVCUIDDemoDigest@@	true
0x1405d8540	.?AVCUIDExtraInfo@@	true
0x1405d8568	.?AVCUIDGallery@@	true
0x1405d8590	.?AVCUIDGameOptions@@	true
0x1405d85b8	.?AVCUIDGoldOrb@@	true
0x1405d85e0	.?AVCUIDItemGet@@	true
0x1405d8608	.?AVCUIDLanguage@@	true
0x1405d8630	.?AVCUIDLockOnCursor@@	true
0x1405d8658	.?AVCUIDMemoryCard@@	true
0x1405d8680	.?AVCUIDMisSelect@@	true
0x1405d86a8	.?AVCUIDMissionStart@@	true
0x1405d86d0	.?AVCUIDOption@@	true
0x1405d86f8	.?AVCUIDPause@@	true
0x1405d8718	.?AVCUIDResult@@	true
0x1405d8740	.?AVCUIDResultBP@@	true
0x1405d8768	.?AVCUIDSaveBg@@	true
0x1405d8790	.?AVCUIDScreen@@	true
0x1405d87b8	.?AVCUIDSmorkBg@@	true
0x1405d87e0	.?AVCUIDStaffRoll@@	true
0x1405d8808	.?AVCUIDStatusFile@@	true
0x1405d8830	.?AVCUIDStatusFileIpu@@	true
0x1405d8858	.?AVCUIDStatusFileSec@@	true
0x1405d8880	.?AVCUIDStatusIndex@@	true
0x1405d88a8	.?AVCUIDStatusItem@@	true
0x1405d88d0	.?AVCUIDStatusMap@@	true
0x1405d88f8	.?AVCUIDStatusWeapon@@	true
0x1405d8920	.?AVCUIDStyleLvup@@	true
0x1405d8948	.?AVCUIDStyleSelect@@	true
0x1405d8970	.?AVCUIDStyleSelectV@@	true
0x1405d8998	.?AVCUIDStylishCombo@@	true
0x1405d89c0	.?AVCUIDTitle@@	true
0x1405d89e0	.?AVCUIDTotalRanking@@	true
0x1405d8a08	.?AVCUIDTutorial@@	true
0x1405d8a30	.?AVCUIDVergilWeapon@@	true
0x1405d8a58	.?AVCCameraMotion@@	true
0x1405d8a80	.?AVCDemoModelWork@@	true
0x1405d8aa8	.?AVCEffect@@	true
0x1405d8ac8	.?AVIFadeControl@@	true
0x1405d8af0	.?AVCFadeControl@@	true
0x1405d8b18	.?AVCGenerator@@	true
0x1405d8b40	.?AVCMotion@@	true
0x1405d8b60	.?AVIPtxManager@@	true
0x1405d8b88	.?AVCPtxManager@@	true
0x1405d8bb0	.?AVCClip@@	true
0x1405d8bd0	.?AVCSoundClip@@	true
0x1405d8bf8	.?AVCWorkRateClip@@	true
0x1405d8c20	.?AVCModelClip@@	true
0x1405d8c48	.?AVCMotionClip@@	true
0x1405d8c70	.?AVCHideClip@@	true
0x1405d8c90	.?AVCProgramClip@@	true
0x1405d8cb8	.?AVCMessageClip@@	true
0x1405d8ce0	.?AVCPadVibeClip@@	true
0x1405d8d08	.?AVCEffectClip@@	true
0x1405d8d30	.?AVCCameraClip@@	true
0x1405d8d58	.?AVCLightClip@@	true
0x1405d8d80	.?AVCScrEfcClip@@	true
0x1405d8da8	.?AVCFadeClip@@	true
0x1405d8dc8	.?AVCValue@@	true
0x1405d8de8	.?AVCMcAppli@@	true
0x1405d8e08	.?AVtype_info@@	true
0x1405d8e28	.?AVbad_alloc@std@@	true
0x1405d8e50	.?AVexception@std@@	true
0x1405d8e78	.?AVbad_array_new_length@std@@	true
0x1405d8ea8	.?AV_com_error@@	false
