type_va	name	decorated_name
0x1405d5118	.?AVFullMotionVideo@DMC3@@	.?AVFullMotionVideo@DMC3@@
0x1405d5148	.?AVFullMotionVideoManager@DMC3@@	.?AVFullMotionVideoManager@DMC3@@
0x1405d5180	.?AVRequest@AsyncIOThread@?A0xdf511c96@@	.?AVRequest@AsyncIOThread@?A0xdf511c96@@
0x1405d51c0	.?AVReadRequest@AsyncIOThread@?A0xdf511c96@@	.?AVReadRequest@AsyncIOThread@?A0xdf511c96@@
0x1405d5200	gfxClut	.?AVgfxClut@@
0x1405d5220	gfxTexture	.?AVgfxTexture@@
0x1405d5248	IUnknown	.?AUIUnknown@@
0x1405d5268	.?AVPCFullMotionVideoManager@DMC3@@	.?AVPCFullMotionVideoManager@DMC3@@
0x1405d52a0	.?AUIXAudio2VoiceCallback@DMC3@@	.?AUIXAudio2VoiceCallback@DMC3@@
0x1405d52d8	.?AUIMMNotificationClient@DMC3@@	.?AUIMMNotificationClient@DMC3@@
0x1405d5310	.?AUPlaySoundStreamVoiceContext@DMC3@@	.?AUPlaySoundStreamVoiceContext@DMC3@@
0x1405d5348	.?AVPCFullMotionVideo@DMC3@@	.?AVPCFullMotionVideo@DMC3@@
0x1405d5378	PCRenderTarget	.?AVPCRenderTarget@@
0x1405d53a0	nbCriticalSection	.?AVnbCriticalSection@@
0x1405d53c8	PCCriticalSection	.?AVPCCriticalSection@@
0x1405d53f0	IActor	.?AVIActor@@
0x1405d5410	CWork	.?AVCWork@@
0x1405d5430	CActor	.?AVCActor@@
0x1405d5450	ICollisionHandle	.?AVICollisionHandle@@
0x1405d5478	CAfterImage	.?AVCAfterImage@@
0x1405d54a0	ISceneFactory	.?AVISceneFactory@@
0x1405d54c8	CSceneMgr	.?AVCSceneMgr@@
0x1405d54e8	CSceneFactoryApp	.?AVCSceneFactoryApp@@
0x1405d5510	CSceneMgrRoot	.?AVCSceneMgrRoot@@
0x1405d5538	CSystemData	.?AVCSystemData@@
0x1405d5560	CSpline	.?AVCSpline@@
0x1405d5580	CCameraRailBase	.?AVCCameraRailBase@@
0x1405d55a8	CCamera	.?AVCCamera@@
0x1405d55c8	CCameraPan	.?AVCCameraPan@@
0x1405d55f0	CCameraRail	.?AVCCameraRail@@
0x1405d5618	CCameraRailW	.?AVCCameraRailW@@
0x1405d5640	CCameraRel	.?AVCCameraRel@@
0x1405d5668	ICom	.?AVICom@@
0x1405d5688	CCom	.?AVCCom@@
0x1405d56a8	IComActionState	.?AVIComActionState@@
0x1405d56d0	IComAction	.?AVIComAction@@
0x1405d56f8	CComAction	.?AVCComAction@@
0x1405d5720	CComEm000	.?AVCComEm000@@
0x1405d5740	CComEm005	.?AVCComEm005@@
0x1405d5760	CComEm006	.?AVCComEm006@@
0x1405d5780	CComEm008	.?AVCComEm008@@
0x1405d57a0	CCustomize	.?AVCCustomize@@
0x1405d57c8	CCustomizeData	.?AVCCustomizeData@@
0x1405d57f0	IDamage	.?AVIDamage@@
0x1405d5810	CDamage	.?AVCDamage@@
0x1405d5830	CDamageDeath	.?AVCDamageDeath@@
0x1405d5858	CDamageMulti	.?AVCDamageMulti@@
0x1405d5880	CDamageIndex	.?AVCDamageIndex@@
0x1405d58a8	IDamageCalc	.?AVIDamageCalc@@
0x1405d58d0	CDamageCalc	.?AVCDamageCalc@@
0x1405d58f8	CDemoProg	.?AVCDemoProg@@
0x1405d5918	IDifficult	.?AVIDifficult@@
0x1405d5940	CDifficult	.?AVCDifficult@@
0x1405d5968	IDrawOperate	.?AVIDrawOperate@@
0x1405d5990	CDrawOperate	.?AVCDrawOperate@@
0x1405d59b8	IDraw	.?AVIDraw@@
0x1405d59d8	CDraw	.?AVCDraw@@
0x1405d59f8	CDrawSCM	.?AVCDrawSCM@@
0x1405d5a18	IDrawCrush	.?AVIDrawCrush@@
0x1405d5a40	CDrawCrush	.?AVCDrawCrush@@
0x1405d5a68	IDrawShadow	.?AVIDrawShadow@@
0x1405d5a90	CDrawShadow	.?AVCDrawShadow@@
0x1405d5ab8	IDrawUV	.?AVIDrawUV@@
0x1405d5ad8	CDrawUV	.?AVCDrawUV@@
0x1405d5af8	CEfc	.?AVCEfc@@
0x1405d5b18	CEfcCartridge	.?AVCEfcCartridge@@
0x1405d5b40	CEfcPub	.?AVCEfcPub@@
0x1405d5b60	CEfcShadow	.?AVCEfcShadow@@
0x1405d5b88	CEm000	.?AVCEm000@@
0x1405d5ba8	CNonPlayerDeath	.?AVCNonPlayerDeath@@
0x1405d5bd0	CNonPlayer	.?AVCNonPlayer@@
0x1405d5bf8	INonPlayer	.?AVINonPlayer@@
0x1405d5c20	INonPlayerDeath	.?AVINonPlayerDeath@@
0x1405d5c48	CEm000Shl00	.?AVCEm000Shl00@@
0x1405d5c70	CShell	.?AVCShell@@
0x1405d5c90	CEm000Shl01	.?AVCEm000Shl01@@
0x1405d5cb8	CEm001	.?AVCEm001@@
0x1405d5cd8	CEm002	.?AVCEm002@@
0x1405d5cf8	CEm003	.?AVCEm003@@
0x1405d5d18	CEm004	.?AVCEm004@@
0x1405d5d38	CEm005	.?AVCEm005@@
0x1405d5d58	CEm005Shl00	.?AVCEm005Shl00@@
0x1405d5d80	CConstraint	.?AVCConstraint@@
0x1405d5da8	CCnsChain	.?AVCCnsChain@@
0x1405d5dc8	CEm005Shl01	.?AVCEm005Shl01@@
0x1405d5df0	CEm006	.?AVCEm006@@
0x1405d5e10	CEm006Shl00	.?AVCEm006Shl00@@
0x1405d5e38	CEm007	.?AVCEm007@@
0x1405d5e58	CCnsDirPos	.?AVCCnsDirPos@@
0x1405d5e80	CEm008	.?AVCEm008@@
0x1405d5ea0	CCnsRandom	.?AVCCnsRandom@@
0x1405d5ec8	CCnsIK	.?AVCCnsIK@@
0x1405d5ee8	CCnsMatrix	.?AVCCnsMatrix@@
0x1405d5f10	CEm010	.?AVCEm010@@
0x1405d5f30	CEm010Baby	.?AVCEm010Baby@@
0x1405d5f58	CEm010Shl00	.?AVCEm010Shl00@@
0x1405d5f80	CEm010Shl01	.?AVCEm010Shl01@@
0x1405d5fa8	CEm011	.?AVCEm011@@
0x1405d5fc8	CEm011Shl00	.?AVCEm011Shl00@@
0x1405d5ff0	CSpreadBone	.?AVCSpreadBone@@
0x1405d6018	CEm012	.?AVCEm012@@
0x1405d6038	CEm013	.?AVCEm013@@
0x1405d6058	CEm014	.?AVCEm014@@
0x1405d6078	CEm014Shl00	.?AVCEm014Shl00@@
0x1405d60a0	CEm014Shl01	.?AVCEm014Shl01@@
0x1405d60c8	CEm016	.?AVCEm016@@
0x1405d60e8	CEm017	.?AVCEm017@@
0x1405d6108	CEm017Master	.?AVCEm017Master@@
0x1405d6130	CEm017Shl00	.?AVCEm017Shl00@@
0x1405d6158	CEm019Shl00	.?AVCEm019Shl00@@
0x1405d6180	CEm020Shl00	.?AVCEm020Shl00@@
0x1405d61a8	CEm021	.?AVCEm021@@
0x1405d61c8	CEm022Shl00	.?AVCEm022Shl00@@
0x1405d61f0	CChainNode	.?AVCChainNode@@
0x1405d6218	CLight	.?AVCLight@@
0x1405d6238	CEm023Body	.?AVCEm023Body@@
0x1405d6260	CDamageEm023	.?AVCDamageEm023@@
0x1405d6288	CEm023	.?AVCEm023@@
0x1405d62a8	CEm023Shl00	.?AVCEm023Shl00@@
0x1405d62d0	CEm023Shl01	.?AVCEm023Shl01@@
0x1405d62f8	CEm023Shl02	.?AVCEm023Shl02@@
0x1405d6320	CEm023Shl03	.?AVCEm023Shl03@@
0x1405d6348	CEm023Shl04	.?AVCEm023Shl04@@
0x1405d6370	CEm023Shl05	.?AVCEm023Shl05@@
0x1405d6398	CEm025	.?AVCEm025@@
0x1405d63b8	CEm025Shl00	.?AVCEm025Shl00@@
0x1405d63e0	CEm025Shl01	.?AVCEm025Shl01@@
0x1405d6408	CEm025Shl02	.?AVCEm025Shl02@@
0x1405d6430	CEm026	.?AVCEm026@@
0x1405d6450	CEm026Shl00	.?AVCEm026Shl00@@
0x1405d6478	CEm026Shl01	.?AVCEm026Shl01@@
0x1405d64a0	CEm027	.?AVCEm027@@
0x1405d64c0	CEm028	.?AVCEm028@@
0x1405d64e0	CEm028Shl00	.?AVCEm028Shl00@@
0x1405d6508	CShell2	.?AVCShell2@@
0x1405d6528	CEm028Shl01	.?AVCEm028Shl01@@
0x1405d6550	CEm028Shl02	.?AVCEm028Shl02@@
0x1405d6578	CEm028Shl03	.?AVCEm028Shl03@@
0x1405d65a0	CEm028Shl04	.?AVCEm028Shl04@@
0x1405d65c8	CEm028Shl05	.?AVCEm028Shl05@@
0x1405d65f0	CEm028Shl06	.?AVCEm028Shl06@@
0x1405d6618	CEm028Shl07	.?AVCEm028Shl07@@
0x1405d6640	CEm029	.?AVCEm029@@
0x1405d6660	CEm029Cart	.?AVCEm029Cart@@
0x1405d6688	CEm029Shl00	.?AVCEm029Shl00@@
0x1405d66b0	CEm029Shl01	.?AVCEm029Shl01@@
0x1405d66d8	CEm029Shl02	.?AVCEm029Shl02@@
0x1405d6700	CEm029Shl03	.?AVCEm029Shl03@@
0x1405d6728	CEm029Shl04	.?AVCEm029Shl04@@
0x1405d6750	CEm029Shl05	.?AVCEm029Shl05@@
0x1405d6778	CEm030	.?AVCEm030@@
0x1405d6798	CEm030Shl00	.?AVCEm030Shl00@@
0x1405d67c0	CEm030Shl01	.?AVCEm030Shl01@@
0x1405d67e8	CEm031	.?AVCEm031@@
0x1405d6808	CEm031Shl00	.?AVCEm031Shl00@@
0x1405d6830	CDamageHaine2	.?AVCDamageHaine2@@
0x1405d6858	CEm032	.?AVCEm032@@
0x1405d6878	CEm032Shl00	.?AVCEm032Shl00@@
0x1405d68a0	CEm032Shl01	.?AVCEm032Shl01@@
0x1405d68c8	CEm033	.?AVCEm033@@
0x1405d68e8	CEm034	.?AVCEm034@@
0x1405d6908	CEm034Shl00	.?AVCEm034Shl00@@
0x1405d6930	CEm034Shl01	.?AVCEm034Shl01@@
0x1405d6958	CEm034Shl02	.?AVCEm034Shl02@@
0x1405d6980	CEm034Shl03	.?AVCEm034Shl03@@
0x1405d69a8	CEm034Shl04	.?AVCEm034Shl04@@
0x1405d69d0	CEm034Shl05	.?AVCEm034Shl05@@
0x1405d69f8	CEm035	.?AVCEm035@@
0x1405d6a18	CEm035Shl00	.?AVCEm035Shl00@@
0x1405d6a40	CEm035Shl01	.?AVCEm035Shl01@@
0x1405d6a68	CEm035Shl02	.?AVCEm035Shl02@@
0x1405d6a90	CEm037	.?AVCEm037@@
0x1405d6ab0	CEm037Ball	.?AVCEm037Ball@@
0x1405d6ad8	CEm037Shl00	.?AVCEm037Shl00@@
0x1405d6b00	CEm037Shl00Ctrl	.?AVCEm037Shl00Ctrl@@
0x1405d6b28	CEm037Shl01	.?AVCEm037Shl01@@
0x1405d6b50	CEm037Shl01Ctrl	.?AVCEm037Shl01Ctrl@@
0x1405d6b78	CEm037Shl02	.?AVCEm037Shl02@@
0x1405d6ba0	CEm037Shl02Ctrl	.?AVCEm037Shl02Ctrl@@
0x1405d6bc8	CEm037Shl03	.?AVCEm037Shl03@@
0x1405d6bf0	CEm037Shl04	.?AVCEm037Shl04@@
0x1405d6c18	CEm037Shl04Ctrl	.?AVCEm037Shl04Ctrl@@
0x1405d6c40	CEm037Shl05	.?AVCEm037Shl05@@
0x1405d6c68	CEm037Shl05Ctrl	.?AVCEm037Shl05Ctrl@@
0x1405d6c90	CEm037Shl07	.?AVCEm037Shl07@@
0x1405d6cb8	CEm037ShlEffCtrl	.?AVCEm037ShlEffCtrl@@
0x1405d6ce0	CEmShl000	.?AVCEmShl000@@
0x1405d6d00	CEmShl01	.?AVCEmShl01@@
0x1405d6d20	CStageSet	.?AVCStageSet@@
0x1405d6d40	.?AV?$CList@VCNonPlayer@@@@	.?AV?$CList@VCNonPlayer@@@@
0x1405d6d70	IFactoryEnemy	.?AVIFactoryEnemy@@
0x1405d6d98	CFactoryEnemy	.?AVCFactoryEnemy@@
0x1405d6dc0	CHeartShl00	.?AVCHeartShl00@@
0x1405d6de8	CHeartShl01	.?AVCHeartShl01@@
0x1405d6e10	CHeartShl02	.?AVCHeartShl02@@
0x1405d6e38	IHitMark	.?AVIHitMark@@
0x1405d6e58	CHitMark	.?AVCHitMark@@
0x1405d6e78	CItem	.?AVCItem@@
0x1405d6e98	CItemGet	.?AVCItemGet@@
0x1405d6eb8	CItemKey	.?AVCItemKey@@
0x1405d6ed8	CItemOrb	.?AVCItemOrb@@
0x1405d6ef8	CMisSelect	.?AVCMisSelect@@
0x1405d6f20	CNonPlayerDeathEffect	.?AVCNonPlayerDeathEffect@@
0x1405d6f50	CNonPlayerDeathEffect2	.?AVCNonPlayerDeathEffect2@@
0x1405d6f80	IPermitAttack	.?AVIPermitAttack@@
0x1405d6fa8	CPermitAttack	.?AVCPermitAttack@@
0x1405d6fd0	CPl000Shl00	.?AVCPl000Shl00@@
0x1405d6ff8	CPl000Shl01	.?AVCPl000Shl01@@
0x1405d7020	CPl000Shl02	.?AVCPl000Shl02@@
0x1405d7048	CPl000Shl03	.?AVCPl000Shl03@@
0x1405d7070	CPl000Shl04	.?AVCPl000Shl04@@
0x1405d7098	CPl000Shl05	.?AVCPl000Shl05@@
0x1405d70c0	CPl000Shl06	.?AVCPl000Shl06@@
0x1405d70e8	CPl000Shl07	.?AVCPl000Shl07@@
0x1405d7110	CPl000Shl08	.?AVCPl000Shl08@@
0x1405d7138	CPl000Shl09	.?AVCPl000Shl09@@
0x1405d7160	CPl000Shl0a	.?AVCPl000Shl0a@@
0x1405d7188	CPl000Shl0b	.?AVCPl000Shl0b@@
0x1405d71b0	CPl000Shl0c	.?AVCPl000Shl0c@@
0x1405d71d8	CPl000Shl0cICE	.?AVCPl000Shl0cICE@@
0x1405d7200	CPl000Shl0d	.?AVCPl000Shl0d@@
0x1405d7228	CPl000Shl0e	.?AVCPl000Shl0e@@
0x1405d7250	CPl000Shl0f	.?AVCPl000Shl0f@@
0x1405d7278	CPl000Shl10	.?AVCPl000Shl10@@
0x1405d72a0	CPl021Shl00	.?AVCPl021Shl00@@
0x1405d72c8	CPl021Shl01	.?AVCPl021Shl01@@
0x1405d72f0	CPl021Shl02	.?AVCPl021Shl02@@
0x1405d7318	CPl021Shl03	.?AVCPl021Shl03@@
0x1405d7340	.?AV?$CList@VCLockOnTarget@@@@	.?AV?$CList@VCLockOnTarget@@@@
0x1405d7370	CKeyBuffer	.?AVCKeyBuffer@@
0x1405d7398	CPlDante	.?AVCPlDante@@
0x1405d73b8	CPlayer	.?AVCPlayer@@
0x1405d73d8	IPlayer	.?AVIPlayer@@
0x1405d73f8	CPlVergil	.?AVCPlVergil@@
0x1405d7418	CPlLady	.?AVCPlLady@@
0x1405d7438	CPlNewVergil	.?AVCPlNewVergil@@
0x1405d7460	CPlayerWeapon	.?AVCPlayerWeapon@@
0x1405d7488	CPlWp2Sword	.?AVCPlWp2Sword@@
0x1405d74b0	CPlWpFight	.?AVCPlWpFight@@
0x1405d74d8	CPlWpFoeceEdge	.?AVCPlWpFoeceEdge@@
0x1405d7500	CPlWpGuitar	.?AVCPlWpGuitar@@
0x1405d7528	CString	.?AVCString@@
0x1405d7548	CPlWpGun	.?AVCPlWpGun@@
0x1405d7568	CPlWpLadyGun	.?AVCPlWpLadyGun@@
0x1405d7590	CPlWpLaser	.?AVCPlWpLaser@@
0x1405d75b8	CPlWpNeroSword	.?AVCPlWpNeroSword@@
0x1405d75e0	CPlWpNewVergilSword	.?AVCPlWpNewVergilSword@@
0x1405d7610	CPlWpNunchaku	.?AVCPlWpNunchaku@@
0x1405d7638	CPlWpRifle	.?AVCPlWpRifle@@
0x1405d7660	CPlWpShotGun	.?AVCPlWpShotGun@@
0x1405d7688	CPlWpSword	.?AVCPlWpSword@@
0x1405d76b0	CPlWpVergilSword	.?AVCPlWpVergilSword@@
0x1405d76d8	CEffectBase	.?AVCEffectBase@@
0x1405d7700	CParticle	.?AVCParticle@@
0x1405d7720	CRealParticle	.?AVCRealParticle@@
0x1405d7748	CFakeParticle	.?AVCFakeParticle@@
0x1405d7770	CPtclLine00	.?AVCPtclLine00@@
0x1405d7798	CFPtclLine00	.?AVCFPtclLine00@@
0x1405d77c0	CPtclLine01	.?AVCPtclLine01@@
0x1405d77e8	CFPtclLine01	.?AVCFPtclLine01@@
0x1405d7810	CPtclLine02	.?AVCPtclLine02@@
0x1405d7838	CFPtclLine02	.?AVCFPtclLine02@@
0x1405d7860	CPtclPoly00	.?AVCPtclPoly00@@
0x1405d7888	CFPtclPoly00	.?AVCFPtclPoly00@@
0x1405d78b0	CPtclPoly01	.?AVCPtclPoly01@@
0x1405d78d8	CFPtclPoly01	.?AVCFPtclPoly01@@
0x1405d7900	CPtclSprt00	.?AVCPtclSprt00@@
0x1405d7928	CFPtclSprt00	.?AVCFPtclSprt00@@
0x1405d7950	CScene	.?AVCScene@@
0x1405d7970	CSceneMgrGame	.?AVCSceneMgrGame@@
0x1405d7998	CChain	.?AVCChain@@
0x1405d79b8	CLightMgr	.?AVCLightMgr@@
0x1405d79d8	CLightStatic	.?AVCLightStatic@@
0x1405d7a00	SLoadOneGame	.?AVSLoadOneGame@@
0x1405d7a28	CGameLoader	.?AVCGameLoader@@
0x1405d7a50	CSceneBoot	.?AVCSceneBoot@@
0x1405d7a78	CSceneOpening	.?AVCSceneOpening@@
0x1405d7aa0	CSceneStartMenu	.?AVCSceneStartMenu@@
0x1405d7ac8	CEventMission	.?AVCEventMission@@
0x1405d7af0	CEventMissionLight	.?AVCEventMissionLight@@
0x1405d7b20	CGameW	.?AVCGameW@@
0x1405d7b40	CSceneMisSelect	.?AVCSceneMisSelect@@
0x1405d7b68	CSceneGameMain	.?AVCSceneGameMain@@
0x1405d7b90	CSceneGame	.?AVCSceneGame@@
0x1405d7bb8	CCameraPlayer	.?AVCCameraPlayer@@
0x1405d7be0	CCameraBoss	.?AVCCameraBoss@@
0x1405d7c08	CCameraCtrl	.?AVCCameraCtrl@@
0x1405d7c30	CCameraMiniDemo	.?AVCCameraMiniDemo@@
0x1405d7c58	CSceneDemo	.?AVCSceneDemo@@
0x1405d7c80	CSceneMisStart	.?AVCSceneMisStart@@
0x1405d7ca8	CExtraInfo	.?AVCExtraInfo@@
0x1405d7cd0	CSceneResult	.?AVCSceneResult@@
0x1405d7cf8	CSceneEnding	.?AVCSceneEnding@@
0x1405d7d20	CDrawBreak	.?AVCDrawBreak@@
0x1405d7d48	CScrnBreak	.?AVCScrnBreak@@
0x1405d7d70	CStaffRoll	.?AVCStaffRoll@@
0x1405d7d98	CStage	.?AVCStage@@
0x1405d7db8	CStageSetBingo	.?AVCStageSetBingo@@
0x1405d7de0	CStageSetBreak	.?AVCStageSetBreak@@
0x1405d7e08	CStageSetShl00	.?AVCStageSetShl00@@
0x1405d7e30	CStageSetBrocken	.?AVCStageSetBrocken@@
0x1405d7e58	CStageSetCatapult	.?AVCStageSetCatapult@@
0x1405d7e80	CStageSetCollision	.?AVCStageSetCollision@@
0x1405d7eb0	CStageSetColor	.?AVCStageSetColor@@
0x1405d7ed8	CStageSetCombo	.?AVCStageSetCombo@@
0x1405d7f00	CStageSetCrystal	.?AVCStageSetCrystal@@
0x1405d7f28	CStageSetEye	.?AVCStageSetEye@@
0x1405d7f50	CStageSetFence	.?AVCStageSetFence@@
0x1405d7f78	CStageSetGate	.?AVCStageSetGate@@
0x1405d7fa0	CStageSetGearArch	.?AVCStageSetGearArch@@
0x1405d7fc8	CStageSetHang	.?AVCStageSetHang@@
0x1405d7ff0	CStageSetHang2	.?AVCStageSetHang2@@
0x1405d8018	CStageSetHeart	.?AVCStageSetHeart@@
0x1405d8040	CStageSetLift	.?AVCStageSetLift@@
0x1405d8068	CStageSetLight	.?AVCStageSetLight@@
0x1405d8090	CStageSetLungs	.?AVCStageSetLungs@@
0x1405d80b8	CStageSetMirror	.?AVCStageSetMirror@@
0x1405d80e0	CStageSetNausika	.?AVCStageSetNausika@@
0x1405d8108	CStageSetNeedle	.?AVCStageSetNeedle@@
0x1405d8130	CStageSetORBreak	.?AVCStageSetORBreak@@
0x1405d8158	CStageSetRoad	.?AVCStageSetRoad@@
0x1405d8180	CStageSetSe	.?AVCStageSetSe@@
0x1405d81a8	CStageSetSeal	.?AVCStageSetSeal@@
0x1405d81d0	CStageSetSlide	.?AVCStageSetSlide@@
0x1405d81f8	CStageSetStayDemo	.?AVCStageSetStayDemo@@
0x1405d8220	CStageSetStay	.?AVCStageSetStay@@
0x1405d8248	CStageSetStomach	.?AVCStageSetStomach@@
0x1405d8270	CStageSetSwitch	.?AVCStageSetSwitch@@
0x1405d8298	CStageSetTruck	.?AVCStageSetTruck@@
0x1405d82c0	CStageSetTruckEnemy	.?AVCStageSetTruckEnemy@@
0x1405d82f0	CStageSetYure	.?AVCStageSetYure@@
0x1405d8318	CStatus	.?AVCStatus@@
0x1405d8338	CUIDBright	.?AVCUIDBright@@
0x1405d8360	CUIDCockpit00	.?AVCUIDCockpit00@@
0x1405d8388	CUIDCockpit01	.?AVCUIDCockpit01@@
0x1405d83b0	CUIDCockpit02	.?AVCUIDCockpit02@@
0x1405d83d8	CUIDComnBg	.?AVCUIDComnBg@@
0x1405d8400	CUIDControl	.?AVCUIDControl@@
0x1405d8428	CUIDCustomGun	.?AVCUIDCustomGun@@
0x1405d8450	CUIDCustomGunV	.?AVCUIDCustomGunV@@
0x1405d8478	CUIDCustomIndex	.?AVCUIDCustomIndex@@
0x1405d84a0	CUIDCustomItem	.?AVCUIDCustomItem@@
0x1405d84c8	CUIDCustomSkill	.?AVCUIDCustomSkill@@
0x1405d84f0	CUIDCustomWeapon	.?AVCUIDCustomWeapon@@
0x1405d8518	CUIDDemoDigest	.?AVCUIDDemoDigest@@
0x1405d8540	CUIDExtraInfo	.?AVCUIDExtraInfo@@
0x1405d8568	CUIDGallery	.?AVCUIDGallery@@
0x1405d8590	CUIDGameOptions	.?AVCUIDGameOptions@@
0x1405d85b8	CUIDGoldOrb	.?AVCUIDGoldOrb@@
0x1405d85e0	CUIDItemGet	.?AVCUIDItemGet@@
0x1405d8608	CUIDLanguage	.?AVCUIDLanguage@@
0x1405d8630	CUIDLockOnCursor	.?AVCUIDLockOnCursor@@
0x1405d8658	CUIDMemoryCard	.?AVCUIDMemoryCard@@
0x1405d8680	CUIDMisSelect	.?AVCUIDMisSelect@@
0x1405d86a8	CUIDMissionStart	.?AVCUIDMissionStart@@
0x1405d86d0	CUIDOption	.?AVCUIDOption@@
0x1405d86f8	CUIDPause	.?AVCUIDPause@@
0x1405d8718	CUIDResult	.?AVCUIDResult@@
0x1405d8740	CUIDResultBP	.?AVCUIDResultBP@@
0x1405d8768	CUIDSaveBg	.?AVCUIDSaveBg@@
0x1405d8790	CUIDScreen	.?AVCUIDScreen@@
0x1405d87b8	CUIDSmorkBg	.?AVCUIDSmorkBg@@
0x1405d87e0	CUIDStaffRoll	.?AVCUIDStaffRoll@@
0x1405d8808	CUIDStatusFile	.?AVCUIDStatusFile@@
0x1405d8830	CUIDStatusFileIpu	.?AVCUIDStatusFileIpu@@
0x1405d8858	CUIDStatusFileSec	.?AVCUIDStatusFileSec@@
0x1405d8880	CUIDStatusIndex	.?AVCUIDStatusIndex@@
0x1405d88a8	CUIDStatusItem	.?AVCUIDStatusItem@@
0x1405d88d0	CUIDStatusMap	.?AVCUIDStatusMap@@
0x1405d88f8	CUIDStatusWeapon	.?AVCUIDStatusWeapon@@
0x1405d8920	CUIDStyleLvup	.?AVCUIDStyleLvup@@
0x1405d8948	CUIDStyleSelect	.?AVCUIDStyleSelect@@
0x1405d8970	CUIDStyleSelectV	.?AVCUIDStyleSelectV@@
0x1405d8998	CUIDStylishCombo	.?AVCUIDStylishCombo@@
0x1405d89c0	CUIDTitle	.?AVCUIDTitle@@
0x1405d89e0	CUIDTotalRanking	.?AVCUIDTotalRanking@@
0x1405d8a08	CUIDTutorial	.?AVCUIDTutorial@@
0x1405d8a30	CUIDVergilWeapon	.?AVCUIDVergilWeapon@@
0x1405d8a58	CCameraMotion	.?AVCCameraMotion@@
0x1405d8a80	CDemoModelWork	.?AVCDemoModelWork@@
0x1405d8aa8	CEffect	.?AVCEffect@@
0x1405d8ac8	IFadeControl	.?AVIFadeControl@@
0x1405d8af0	CFadeControl	.?AVCFadeControl@@
0x1405d8b18	CGenerator	.?AVCGenerator@@
0x1405d8b40	CMotion	.?AVCMotion@@
0x1405d8b60	IPtxManager	.?AVIPtxManager@@
0x1405d8b88	CPtxManager	.?AVCPtxManager@@
0x1405d8bb0	CClip	.?AVCClip@@
0x1405d8bd0	CSoundClip	.?AVCSoundClip@@
0x1405d8bf8	CWorkRateClip	.?AVCWorkRateClip@@
0x1405d8c20	CModelClip	.?AVCModelClip@@
0x1405d8c48	CMotionClip	.?AVCMotionClip@@
0x1405d8c70	CHideClip	.?AVCHideClip@@
0x1405d8c90	CProgramClip	.?AVCProgramClip@@
0x1405d8cb8	CMessageClip	.?AVCMessageClip@@
0x1405d8ce0	CPadVibeClip	.?AVCPadVibeClip@@
0x1405d8d08	CEffectClip	.?AVCEffectClip@@
0x1405d8d30	CCameraClip	.?AVCCameraClip@@
0x1405d8d58	CLightClip	.?AVCLightClip@@
0x1405d8d80	CScrEfcClip	.?AVCScrEfcClip@@
0x1405d8da8	CFadeClip	.?AVCFadeClip@@
0x1405d8dc8	CValue	.?AVCValue@@
0x1405d8de8	CMcAppli	.?AVCMcAppli@@
0x1405d8e08	type_info	.?AVtype_info@@
0x1405d8e28	.?AVbad_alloc@std@@	.?AVbad_alloc@std@@
0x1405d8e50	.?AVexception@std@@	.?AVexception@std@@
0x1405d8e78	.?AVbad_array_new_length@std@@	.?AVbad_array_new_length@std@@
