vftable_va	locator_va	type_va	subobject_offset	first_entry_va	class
0x14035d380	0x14050cf10	0x1405d5118	0	0x14002ab80	.?AVFullMotionVideo@DMC3@@
0x14035d428	0x14050cf88	0x1405d5148	0	0x1400898a0	.?AVFullMotionVideoManager@DMC3@@
0x14036e948	0x14050d050	0x1405d51c0	0	0x14002f930	.?AVReadRequest@AsyncIOThread@?A0xdf511c96@@
0x14036f508	0x14050d0d0	0x1405d5200	0	0x140033700	gfxClut
0x1403712a8	0x14050d1f0	0x1405d5268	0	0x1400898a0	.?AVPCFullMotionVideoManager@DMC3@@
0x140371370	0x14050d318	0x1405d5310	0	0x14024ea30	.?AUPlaySoundStreamVoiceContext@DMC3@@
0x1403713b8	0x14050d398	0x1405d5348	0	0x14002ab80	.?AVPCFullMotionVideo@DMC3@@
0x140371460	0x14050d478	0x1405d5348	616	0x14003b5e0	.?AVPCFullMotionVideo@DMC3@@
0x140371b10	0x14050d4a0	0x1405d5378	0	0x140045880	PCRenderTarget
0x1404c5388	0x14050d520	0x1405d5220	0	0x1400462f0	gfxTexture
0x1404c55b8	0x14050d598	0x1405d53c8	0	0x140048a50	PCCriticalSection
0x1404c5c20	0x14050d618	0x1405d53f0	0	0x14004c9b0	IActor
0x1404c5d18	0x14050d690	0x1405d5410	0	0x14004c960	CWork
0x1404c5d58	0x14050d708	0x1405d5430	0	0x14004c8e0	CActor
0x1404c5da0	0x14050d838	0x1405d5430	96	0x14004c8bc	CActor
0x1404c5e98	0x14050d860	0x1405d5430	208	0x14004c8c8	CActor
0x1404c5f08	0x14050d888	0x1405d5478	0	0x14004cbb0	CAfterImage
0x1404c5f78	0x14050dad0	0x1405d5538	0	0x14004ee10	CSystemData
0x1404c5f88	0x14050d958	0x1405d54c8	0	0x14004ee50	CSceneMgr
0x1404c5fa0	0x14050d9d0	0x1405d54e8	0	0x140240090	CSceneFactoryApp
0x1404c5fb0	0x14050da50	0x1405d5510	0	0x14004ee90	CSceneMgrRoot
0x1404c6288	0x14050db48	0x1405d5560	0	0x140055850	CSpline
0x1404c6298	0x14050dbc0	0x1405d5580	0	0x140055760	CCameraRailBase
0x1404c62e8	0x14050dc90	0x1405d55c8	0	0x1400556b0	CCameraPan
0x1404c6338	0x14050dd18	0x1405d55f0	0	0x1400556f0	CCameraRail
0x1404c6388	0x14050dda0	0x1405d5618	0	0x1400557a0	CCameraRailW
0x1404c63d8	0x14050de28	0x1405d5640	0	0x140055810	CCameraRel
0x1404c65a0	0x14050deb0	0x1405d5450	0	0x14005c100	ICollisionHandle
0x1404c65f0	0x14050ded8	0x1405d5668	0	0x140060a00	ICom
0x1404c66b8	0x14050df50	0x1405d5688	0	0x1400609d0	CCom
0x1404c6830	0x14050dfd0	0x1405d56a8	0	0x1400617b0	IComActionState
0x1404c6870	0x14050e048	0x1405d56d0	0	0x1400617b0	IComAction
0x1404c68c0	0x14050e0c8	0x1405d56f8	0	0x140061780	CComAction
0x1404c6a18	0x14050e150	0x1405d5720	0	0x140062ab0	CComEm000
0x1404c7220	0x14050e238	0x1405d5720	208	0x140062a98	CComEm000
0x1404c7310	0x14050e260	0x1405d5740	0	0x14006cd90	CComEm005
0x1404c7560	0x14050e2f8	0x1405d5740	208	0x14006cd78	CComEm005
0x1404c75e0	0x14050e320	0x1405d5760	0	0x14006e610	CComEm006
0x1404c7e18	0x14050e3b8	0x1405d5760	208	0x14006e5f8	CComEm006
0x1404c7ea0	0x14050e3e0	0x1405d5780	0	0x1400799a0	CComEm008
0x1404c86d8	0x14050e478	0x1405d5780	208	0x140079988	CComEm008
0x1404c8780	0x14050e4a0	0x1405d57a0	0	0x140084db0	CCustomize
0x1404c8790	0x14050e518	0x1405d57c8	0	0x140086da0	CCustomizeData
0x1404c8848	0x14050e590	0x1405d57f0	0	0x140087b60	IDamage
0x1404c8870	0x14050e608	0x1405d5810	0	0x140087a40	CDamage
0x1404c88a0	0x14050e6b8	0x1405d5810	8	0x140087a1c	CDamage
0x1404c88c0	0x14050e6e0	0x1405d5830	0	0x140087aa0	CDamageDeath
0x1404c88f0	0x14050e770	0x1405d5830	8	0x140087a28	CDamageDeath
0x1404c8910	0x14050e798	0x1405d5858	0	0x140087b00	CDamageMulti
0x1404c8940	0x14050e828	0x1405d5858	8	0x140087a34	CDamageMulti
0x1404c8960	0x14050e850	0x1405d5880	0	0x140087b00	CDamageIndex
0x1404c8990	0x14050e8e0	0x1405d5880	8	0x140087a34	CDamageIndex
0x1404c89b0	0x14050e908	0x1405d58a8	0	0x140088160	IDamageCalc
0x1404c89e0	0x14050e980	0x1405d58d0	0	0x140088130	CDamageCalc
0x1404c8a40	0x14050ea00	0x1405d58f8	0	0x140088a40	CDemoProg
0x1404c8a80	0x14050ea80	0x1405d5918	0	0x1400890c0	IDifficult
0x1404c8ac0	0x14050eaf8	0x1405d5940	0	0x140089090	CDifficult
0x1404c8b58	0x14050eb78	0x1405d5968	0	0x140089640	IDrawOperate
0x1404c8cc8	0x14050ebf0	0x1405d5990	0	0x140089640	CDrawOperate
0x1404c8e38	0x14050ec70	0x1405d59b8	0	0x140089610	IDraw
0x1404c9010	0x14050ece8	0x1405d59d8	0	0x140089530	CDraw
0x1404c91f0	0x14050edc8	0x1405d59d8	8	0x14008950c	CDraw
0x1404c9360	0x14050edf0	0x1405d59f8	0	0x1400895a0	CDrawSCM
0x1404c9538	0x14050ee80	0x1405d59f8	8	0x140089518	CDrawSCM
0x1404c96e0	0x14050eea8	0x1405d5a18	0	0x14008b820	IDrawCrush
0x1404c9728	0x14050ef20	0x1405d5a40	0	0x14008b7d0	CDrawCrush
0x1404c9798	0x14050efa0	0x1405d5a68	0	0x14008bc20	IDrawShadow
0x1404c97c0	0x14050f018	0x1405d5a90	0	0x14008bbd0	CDrawShadow
0x1404c9810	0x14050f098	0x1405d5ab8	0	0x14008be20	IDrawUV
0x1404c9838	0x14050f110	0x1405d5ad8	0	0x14008bdd0	CDrawUV
0x1404c9900	0x14050f190	0x1405d5af8	0	0x14008cf60	CEfc
0x1404c9940	0x14050f210	0x1405d5b18	0	0x14008cfb0	CEfcCartridge
0x1404c99b0	0x14050f298	0x1405d5b40	0	0x14008d9c0	CEfcPub
0x1404c9a68	0x14050f320	0x1405d5b60	0	0x140092df0	CEfcShadow
0x1404c9af8	0x14050f3a8	0x1405d5b88	0	0x140093f40	CEm000
0x1404c9bb8	0x14050f660	0x1405d5b88	96	0x140093f1c	CEm000
0x1404c9cb0	0x14050f688	0x1405d5b88	208	0x140093f28	CEm000
0x1404c9cd0	0x14050f6b0	0x1405d5b88	272	0x140093f04	CEm000
0x1404c9d88	0x14050f6d8	0x1405d5b88	384	0x140093f10	CEm000
0x1404c9e48	0x14050f700	0x1405d5c48	0	0x140098950	CEm000Shl00
0x1404c9e90	0x14050f810	0x1405d5c48	96	0x140098938	CEm000Shl00
0x1404c9f88	0x14050f838	0x1405d5c48	208	0x140098944	CEm000Shl00
0x1404c9ff8	0x14050f860	0x1405d5c90	0	0x140098d90	CEm000Shl01
0x1404ca040	0x14050f900	0x1405d5c90	96	0x140098d78	CEm000Shl01
0x1404ca138	0x14050f928	0x1405d5c90	208	0x140098d84	CEm000Shl01
0x1404ca1a8	0x14050f950	0x1405d5cb8	0	0x1400991b0	CEm001
0x1404ca268	0x14050fa08	0x1405d5cb8	96	0x14009918c	CEm001
0x1404ca360	0x14050fa30	0x1405d5cb8	208	0x140099198	CEm001
0x1404ca380	0x14050fa58	0x1405d5cb8	272	0x140099174	CEm001
0x1404ca438	0x14050fa80	0x1405d5cb8	384	0x140099180	CEm001
0x1404ca4a0	0x14050faa8	0x1405d5cd8	0	0x14009dde0	CEm002
0x1404ca560	0x14050fb68	0x1405d5cd8	96	0x14009ddbc	CEm002
0x1404ca658	0x14050fb90	0x1405d5cd8	208	0x14009ddc8	CEm002
0x1404ca678	0x14050fbb8	0x1405d5cd8	272	0x14009dda4	CEm002
0x1404ca730	0x14050fbe0	0x1405d5cd8	384	0x14009ddb0	CEm002
0x1404ca790	0x14050fc08	0x1405d5cf8	0	0x1400a2d10	CEm003
0x1404ca850	0x14050fcc8	0x1405d5cf8	96	0x1400a2cec	CEm003
0x1404ca948	0x14050fcf0	0x1405d5cf8	208	0x1400a2cf8	CEm003
0x1404ca968	0x14050fd18	0x1405d5cf8	272	0x1400a2cd4	CEm003
0x1404caa20	0x14050fd40	0x1405d5cf8	384	0x1400a2ce0	CEm003
0x1404caa90	0x14050fd68	0x1405d5d18	0	0x1400a7c40	CEm004
0x1404cab50	0x14050fe28	0x1405d5d18	96	0x1400a7c24	CEm004
0x1404cac48	0x14050fe50	0x1405d5d18	208	0x1400a7c30	CEm004
0x1404cac68	0x14050fe78	0x1405d5d18	272	0x1400a7c0c	CEm004
0x1404cad20	0x14050fea0	0x1405d5d18	384	0x1400a7c18	CEm004
0x1404cada8	0x14050fec8	0x1405d5d38	0	0x1400a92f0	CEm005
0x1404cae68	0x14050ff88	0x1405d5d38	96	0x1400a92d8	CEm005
0x1404caf60	0x14050ffb0	0x1405d5d38	208	0x1400a92e4	CEm005
0x1404caf80	0x14050ffd8	0x1405d5d38	272	0x1400a92c0	CEm005
0x1404cb038	0x140510000	0x1405d5d38	384	0x1400a92cc	CEm005
0x1404cb0f0	0x140510028	0x1405d5d58	0	0x1400ac2f0	CEm005Shl00
0x1404cb170	0x1405100c8	0x1405d5d58	96	0x1400ac2d8	CEm005Shl00
0x1404cb268	0x1405100f0	0x1405d5d58	208	0x1400ac2e4	CEm005Shl00
0x1404cb338	0x140510118	0x1405d5d80	0	0x140346bf0	CConstraint
0x1404cb348	0x140510190	0x1405d5da8	0	0x1402c9450	CCnsChain
0x1404cb358	0x140510210	0x1405d5dc8	0	0x1400ad330	CEm005Shl01
0x1404cb3d8	0x1405102b8	0x1405d5dc8	96	0x1400ad310	CEm005Shl01
0x1404cb4d0	0x1405102e0	0x1405d5dc8	208	0x1400ad31c	CEm005Shl01
0x1404cb4f0	0x140510308	0x1405d5dc8	272	0x1400ad304	CEm005Shl01
0x1404cb610	0x140510330	0x1405d5df0	0	0x1400ae940	CEm006
0x1404cb6d0	0x1405103e8	0x1405d5df0	96	0x1400ae924	CEm006
0x1404cb7c8	0x140510410	0x1405d5df0	208	0x1400ae930	CEm006
0x1404cb7e8	0x140510438	0x1405d5df0	272	0x1400ae90c	CEm006
0x1404cb8a0	0x140510460	0x1405d5df0	384	0x1400ae918	CEm006
0x1404cb900	0x140510488	0x1405d5e10	0	0x1400b0740	CEm006Shl00
0x1404cb948	0x140510528	0x1405d5e10	96	0x1400b0724	CEm006Shl00
0x1404cba40	0x140510550	0x1405d5e10	208	0x1400b0730	CEm006Shl00
0x1404cbac8	0x140510578	0x1405d5e38	0	0x1400b1050	CEm007
0x1404cbb88	0x140510638	0x1405d5e38	96	0x1400b1034	CEm007
0x1404cbc80	0x140510660	0x1405d5e38	208	0x1400b1040	CEm007
0x1404cbca0	0x140510688	0x1405d5e38	272	0x1400b101c	CEm007
0x1404cbd58	0x1405106b0	0x1405d5e38	384	0x1400b1028	CEm007
0x1404cbde0	0x1405106d8	0x1405d5e58	0	0x1402ca770	CCnsDirPos
0x1404cbdf0	0x140510758	0x1405d5e80	0	0x1400b3470	CEm008
0x1404cbeb0	0x140510818	0x1405d5e80	96	0x1400b3454	CEm008
0x1404cbfa8	0x140510840	0x1405d5e80	208	0x1400b3460	CEm008
0x1404cbfc8	0x140510868	0x1405d5e80	272	0x1400b343c	CEm008
0x1404cc080	0x140510890	0x1405d5e80	384	0x1400b3448	CEm008
0x1404cc1d8	0x1405108b8	0x1405d5ea0	0	0x1402cbcf0	CCnsRandom
0x1404cc1e8	0x140510938	0x1405d5ec8	0	0x1402cb3e0	CCnsIK
0x1404cc1f8	0x1405109b8	0x1405d5ee8	0	0x1402cbbe0	CCnsMatrix
0x1404cc208	0x140510a38	0x1405d5f10	0	0x1400b8770	CEm010
0x1404cc288	0x140510ba8	0x1405d5f10	96	0x1400b874c	CEm010
0x1404cc380	0x140510bd0	0x1405d5f10	208	0x1400b8758	CEm010
0x1404cc3a0	0x140510bf8	0x1405d5f10	272	0x1400b8728	CEm010
0x1404cc458	0x140510c20	0x1405d5f10	384	0x1400b8734	CEm010
0x1404cc5c0	0x140510c48	0x1405d5f10	592	0x1400b8740	CEm010
0x1404cc700	0x140510c70	0x1405d5f30	0	0x1400c7d30	CEm010Baby
0x1404cc778	0x140510d18	0x1405d5f30	96	0x1400c7d10	CEm010Baby
0x1404cc870	0x140510d40	0x1405d5f30	208	0x1400c7d1c	CEm010Baby
0x1404cc890	0x140510d68	0x1405d5f30	272	0x1400c7d04	CEm010Baby
0x1404cc9a8	0x140510d90	0x1405d5f58	0	0x1400ca200	CEm010Shl00
0x1404cca00	0x140510e30	0x1405d5f58	96	0x1400ca1dc	CEm010Shl00
0x1404ccaf8	0x140510e58	0x1405d5f58	208	0x1400ca1e8	CEm010Shl00
0x1404ccb70	0x140510e80	0x1405d5f80	0	0x1400cb670	CEm010Shl01
0x1404ccbc8	0x140510f20	0x1405d5f80	96	0x1400cb64c	CEm010Shl01
0x1404cccc0	0x140510f48	0x1405d5f80	208	0x1400cb658	CEm010Shl01
0x1404ccd80	0x140510f70	0x1405d5fa8	0	0x1400cc0d0	CEm011
0x1404cce00	0x140511038	0x1405d5fa8	96	0x1400cc0b8	CEm011
0x1404ccef8	0x140511060	0x1405d5fa8	208	0x1400cc0c4	CEm011
0x1404ccf18	0x140511088	0x1405d5fa8	272	0x1400cc094	CEm011
0x1404ccfd0	0x1405110b0	0x1405d5fa8	384	0x1400cc0a0	CEm011
0x1404cd138	0x1405110d8	0x1405d5fa8	592	0x1400cc0ac	CEm011
0x1404cd278	0x140511100	0x1405d5fc8	0	0x1400d34f0	CEm011Shl00
0x1404cd2c0	0x1405111a0	0x1405d5fc8	96	0x1400d34cc	CEm011Shl00
0x1404cd3b8	0x1405111c8	0x1405d5fc8	208	0x1400d34d8	CEm011Shl00
0x1404cd458	0x1405111f0	0x1405d5ff0	0	0x1400d41a0	CSpreadBone
0x1404cd468	0x140511268	0x1405d6018	0	0x1400d4160	CEm012
0x1404cd4e8	0x140511338	0x1405d6018	96	0x1400d4148	CEm012
0x1404cd5e0	0x140511360	0x1405d6018	208	0x1400d4154	CEm012
0x1404cd600	0x140511388	0x1405d6018	272	0x1400d4124	CEm012
0x1404cd6b8	0x1405113b0	0x1405d6018	384	0x1400d4130	CEm012
0x1404cd820	0x1405113d8	0x1405d6018	592	0x1400d413c	CEm012
0x1404cd920	0x140511400	0x1405d6038	0	0x1400d8c70	CEm013
0x1404cd998	0x1405114f8	0x1405d6038	96	0x1400d8c50	CEm013
0x1404cda90	0x140511520	0x1405d6038	208	0x1400d8c5c	CEm013
0x1404cdab0	0x140511548	0x1405d6038	272	0x1400d8c2c	CEm013
0x1404cdb68	0x140511570	0x1405d6038	384	0x1400d8c38	CEm013
0x1404cdcd0	0x140511598	0x1405d6038	592	0x1400d8c44	CEm013
0x1404cdef0	0x1405115c0	0x1405d6058	0	0x1400e2190	CEm014
0x1404cdf68	0x140511690	0x1405d6058	96	0x1400e2174	CEm014
0x1404ce060	0x1405116b8	0x1405d6058	208	0x1400e2180	CEm014
0x1404ce080	0x1405116e0	0x1405d6058	272	0x1400e2150	CEm014
0x1404ce138	0x140511708	0x1405d6058	384	0x1400e215c	CEm014
0x1404ce2a0	0x140511730	0x1405d6058	592	0x1400e2168	CEm014
0x1404ce420	0x140511758	0x1405d6078	0	0x1400e68a0	CEm014Shl00
0x1404ce468	0x1405117f8	0x1405d6078	96	0x1400e6880	CEm014Shl00
0x1404ce560	0x140511820	0x1405d6078	208	0x1400e688c	CEm014Shl00
0x1404ce5d8	0x140511848	0x1405d60a0	0	0x1400e6ea0	CEm014Shl01
0x1404ce620	0x1405118e8	0x1405d60a0	96	0x1400e6e80	CEm014Shl01
0x1404ce718	0x140511910	0x1405d60a0	208	0x1400e6e8c	CEm014Shl01
0x1404ce820	0x140511938	0x1405d60c8	0	0x1400e87b0	CEm016
0x1404ce898	0x140511a10	0x1405d60c8	96	0x1400e8794	CEm016
0x1404ce990	0x140511a38	0x1405d60c8	208	0x1400e87a0	CEm016
0x1404ce9b0	0x140511a60	0x1405d60c8	272	0x1400e8770	CEm016
0x1404cea68	0x140511a88	0x1405d60c8	384	0x1400e877c	CEm016
0x1404cebd0	0x140511ab0	0x1405d60c8	592	0x1400e8788	CEm016
0x1404cedd0	0x140511ad8	0x1405d60e8	0	0x1400ece90	CEm017
0x1404cee48	0x140511bb0	0x1405d60e8	96	0x1400ece74	CEm017
0x1404cef40	0x140511bd8	0x1405d60e8	208	0x1400ece80	CEm017
0x1404cef60	0x140511c00	0x1405d60e8	272	0x1400ece50	CEm017
0x1404cf018	0x140511c28	0x1405d60e8	384	0x1400ece5c	CEm017
0x1404cf180	0x140511c50	0x1405d60e8	592	0x1400ece68	CEm017
0x1404cf2e0	0x140511c78	0x1405d6108	0	0x1400f1270	CEm017Master
0x1404cf358	0x140511d20	0x1405d6108	96	0x1400f1258	CEm017Master
0x1404cf450	0x140511d48	0x1405d6108	208	0x1400f1264	CEm017Master
0x1404cf470	0x140511d70	0x1405d6108	272	0x1400f124c	CEm017Master
0x1404cf580	0x140511d98	0x1405d6130	0	0x1400f2750	CEm017Shl00
0x1404cf5c8	0x140511e38	0x1405d6130	96	0x1400f2730	CEm017Shl00
0x1404cf6c0	0x140511e60	0x1405d6130	208	0x1400f273c	CEm017Shl00
0x1404cf738	0x140511e88	0x1405d6158	0	0x1400f3ee0	CEm019Shl00
0x1404cf780	0x140511f28	0x1405d6158	96	0x1400f3ec0	CEm019Shl00
0x1404cf878	0x140511f50	0x1405d6158	208	0x1400f3ecc	CEm019Shl00
0x1404cf920	0x140511f78	0x1405d6180	0	0x1400f5320	CEm020Shl00
0x1404cf968	0x140512018	0x1405d6180	96	0x1400f5300	CEm020Shl00
0x1404cfa60	0x140512040	0x1405d6180	208	0x1400f530c	CEm020Shl00
0x1404cfaa8	0x140512068	0x1405d61a8	0	0x1400f5970	CEm021
0x1404cfb20	0x140512148	0x1405d61a8	96	0x1400f5958	CEm021
0x1404cfc18	0x140512170	0x1405d61a8	208	0x1400f5964	CEm021
0x1404cfc38	0x140512198	0x1405d61a8	272	0x1400f5934	CEm021
0x1404cfcf0	0x1405121c0	0x1405d61a8	384	0x1400f5940	CEm021
0x1404cfe58	0x1405121e8	0x1405d61a8	592	0x1400f594c	CEm021
0x1404cffd8	0x140512210	0x1405d61c8	0	0x1400f73d0	CEm022Shl00
0x1404d0020	0x1405122b0	0x1405d61c8	96	0x1400f73ac	CEm022Shl00
0x1404d0118	0x1405122d8	0x1405d61c8	208	0x1400f73b8	CEm022Shl00
0x1404d02a8	0x140512300	0x1405d61f0	0	0x1400f83a0	CChainNode
0x1404d02b8	0x140512378	0x1405d6218	0	0x1400f84a0	CLight
0x1404d02c8	0x140512590	0x1405d6260	0	0x1400f83d0	CDamageEm023
0x1404d02f8	0x140512620	0x1405d6260	8	0x1400f831c	CDamageEm023
0x1404d0318	0x140512648	0x1405d6288	0	0x1400f8420	CEm023
0x1404d03a0	0x140512718	0x1405d6288	96	0x1400f834c	CEm023
0x1404d0498	0x140512740	0x1405d6288	208	0x1400f8358	CEm023
0x1404d04b8	0x140512768	0x1405d6288	272	0x1400f8328	CEm023
0x1404d0570	0x140512790	0x1405d6288	384	0x1400f8334	CEm023
0x1404d06d8	0x1405127b8	0x1405d6288	592	0x1400f8340	CEm023
0x1404d0728	0x1405123f8	0x1405d6238	0	0x1400f8460	CEm023Body
0x1404d07b0	0x1405124c8	0x1405d6238	96	0x1400f8388	CEm023Body
0x1404d08a8	0x1405124f0	0x1405d6238	208	0x1400f8394	CEm023Body
0x1404d08c8	0x140512518	0x1405d6238	272	0x1400f8364	CEm023Body
0x1404d0980	0x140512540	0x1405d6238	384	0x1400f8370	CEm023Body
0x1404d0ae8	0x140512568	0x1405d6238	592	0x1400f837c	CEm023Body
0x1404d0c08	0x1405127e0	0x1405d62a8	0	0x1401010c0	CEm023Shl00
0x1404d0c60	0x140512880	0x1405d62a8	96	0x1401010a4	CEm023Shl00
0x1404d0d58	0x1405128a8	0x1405d62a8	208	0x1401010b0	CEm023Shl00
0x1404d0dc8	0x1405128d0	0x1405d62d0	0	0x1401022c0	CEm023Shl01
0x1404d0e20	0x140512970	0x1405d62d0	96	0x1401022a4	CEm023Shl01
0x1404d0f18	0x140512998	0x1405d62d0	208	0x1401022b0	CEm023Shl01
0x1404d0f88	0x1405129c0	0x1405d62f8	0	0x1401030d0	CEm023Shl02
0x1404d0fe0	0x140512a60	0x1405d62f8	96	0x1401030b4	CEm023Shl02
0x1404d10d8	0x140512a88	0x1405d62f8	208	0x1401030c0	CEm023Shl02
0x1404d1150	0x140512ab0	0x1405d6320	0	0x140104340	CEm023Shl03
0x1404d11a8	0x140512b50	0x1405d6320	96	0x140104324	CEm023Shl03
0x1404d12a0	0x140512b78	0x1405d6320	208	0x140104330	CEm023Shl03
0x1404d1310	0x140512ba0	0x1405d6348	0	0x140105350	CEm023Shl04
0x1404d1368	0x140512c40	0x1405d6348	96	0x140105334	CEm023Shl04
0x1404d1460	0x140512c68	0x1405d6348	208	0x140105340	CEm023Shl04
0x1404d14d0	0x140512c90	0x1405d6370	0	0x140105c70	CEm023Shl05
0x1404d1528	0x140512d30	0x1405d6370	96	0x140105c54	CEm023Shl05
0x1404d1620	0x140512d58	0x1405d6370	208	0x140105c60	CEm023Shl05
0x1404d16e0	0x140512d80	0x1405d6398	0	0x140106e80	CEm025
0x1404d1760	0x140512e48	0x1405d6398	96	0x140106e60	CEm025
0x1404d1858	0x140512e70	0x1405d6398	208	0x140106e6c	CEm025
0x1404d1878	0x140512e98	0x1405d6398	272	0x140106e3c	CEm025
0x1404d1930	0x140512ec0	0x1405d6398	384	0x140106e48	CEm025
0x1404d1a98	0x140512ee8	0x1405d6398	592	0x140106e54	CEm025
0x1404d1e48	0x140512f10	0x1405d63b8	0	0x140116110	CEm025Shl00
0x1404d1e90	0x140512fb0	0x1405d63b8	96	0x1401160ec	CEm025Shl00
0x1404d1f88	0x140512fd8	0x1405d63b8	208	0x1401160f8	CEm025Shl00
0x1404d2000	0x140513000	0x1405d63e0	0	0x140117110	CEm025Shl01
0x1404d2048	0x1405130a0	0x1405d63e0	96	0x1401170ec	CEm025Shl01
0x1404d2140	0x1405130c8	0x1405d63e0	208	0x1401170f8	CEm025Shl01
0x1404d21b0	0x1405130f0	0x1405d6408	0	0x140118130	CEm025Shl02
0x1404d21f8	0x140513190	0x1405d6408	96	0x140118114	CEm025Shl02
0x1404d22f0	0x1405131b8	0x1405d6408	208	0x140118120	CEm025Shl02
0x1404d23b0	0x1405131e0	0x1405d6430	0	0x140118f80	CEm026
0x1404d2428	0x1405132b0	0x1405d6430	96	0x140118f68	CEm026
0x1404d2520	0x1405132d8	0x1405d6430	208	0x140118f74	CEm026
0x1404d2540	0x140513300	0x1405d6430	272	0x140118f44	CEm026
0x1404d25f8	0x140513328	0x1405d6430	384	0x140118f50	CEm026
0x1404d2760	0x140513350	0x1405d6430	592	0x140118f5c	CEm026
0x1404d2b08	0x140513378	0x1405d6450	0	0x1401272b0	CEm026Shl00
0x1404d2b80	0x140513420	0x1405d6450	96	0x140127290	CEm026Shl00
0x1404d2c78	0x140513448	0x1405d6450	208	0x14012729c	CEm026Shl00
0x1404d2c98	0x140513470	0x1405d6450	272	0x140127284	CEm026Shl00
0x1404d2da0	0x140513498	0x1405d6478	0	0x140128cd0	CEm026Shl01
0x1404d2e18	0x140513540	0x1405d6478	96	0x140128cb0	CEm026Shl01
0x1404d2f10	0x140513568	0x1405d6478	208	0x140128cbc	CEm026Shl01
0x1404d2f30	0x140513590	0x1405d6478	272	0x140128ca4	CEm026Shl01
0x1404d3068	0x1405135b8	0x1405d64a0	0	0x14012a830	CEm027
0x1404d30e0	0x140513690	0x1405d64a0	96	0x14012a814	CEm027
0x1404d31d8	0x1405136b8	0x1405d64a0	208	0x14012a820	CEm027
0x1404d31f8	0x1405136e0	0x1405d64a0	272	0x14012a7f0	CEm027
0x1404d32b0	0x140513708	0x1405d64a0	384	0x14012a7fc	CEm027
0x1404d3418	0x140513730	0x1405d64a0	592	0x14012a808	CEm027
0x1404d35e0	0x140513758	0x1405d64c0	0	0x14012b4d0	CEm028
0x1404d3658	0x140513830	0x1405d64c0	96	0x14012b4ac	CEm028
0x1404d3750	0x140513858	0x1405d64c0	208	0x14012b4b8	CEm028
0x1404d3770	0x140513880	0x1405d64c0	272	0x14012b488	CEm028
0x1404d3828	0x1405138a8	0x1405d64c0	384	0x14012b494	CEm028
0x1404d3990	0x1405138d0	0x1405d64c0	592	0x14012b4a0	CEm028
0x1404d3b38	0x1405138f8	0x1405d64e0	0	0x140133960	CEm028Shl00
0x1404d3bb0	0x140513a30	0x1405d64e0	96	0x140133948	CEm028Shl00
0x1404d3ca8	0x140513a58	0x1405d64e0	208	0x140133954	CEm028Shl00
0x1404d3cc8	0x140513a80	0x1405d64e0	272	0x14013393c	CEm028Shl00
0x1404d3dd0	0x140513aa8	0x1405d6528	0	0x140135840	CEm028Shl01
0x1404d3e18	0x140513b48	0x1405d6528	96	0x14013581c	CEm028Shl01
0x1404d3f10	0x140513b70	0x1405d6528	208	0x140135828	CEm028Shl01
0x1404d3f80	0x140513b98	0x1405d6550	0	0x140136070	CEm028Shl02
0x1404d3fc8	0x140513c38	0x1405d6550	96	0x140136050	CEm028Shl02
0x1404d40c0	0x140513c60	0x1405d6550	208	0x14013605c	CEm028Shl02
0x1404d4130	0x140513c88	0x1405d6578	0	0x140136920	CEm028Shl03
0x1404d4178	0x140513d28	0x1405d6578	96	0x140136900	CEm028Shl03
0x1404d4270	0x140513d50	0x1405d6578	208	0x14013690c	CEm028Shl03
0x1404d42e0	0x140513d78	0x1405d65a0	0	0x140136e70	CEm028Shl04
0x1404d4328	0x140513e18	0x1405d65a0	96	0x140136e4c	CEm028Shl04
0x1404d4420	0x140513e40	0x1405d65a0	208	0x140136e58	CEm028Shl04
0x1404d4490	0x140513e68	0x1405d65c8	0	0x140137630	CEm028Shl05
0x1404d44d8	0x140513f08	0x1405d65c8	96	0x140137610	CEm028Shl05
0x1404d45d0	0x140513f30	0x1405d65c8	208	0x14013761c	CEm028Shl05
0x1404d4640	0x140513f58	0x1405d65f0	0	0x140137b80	CEm028Shl06
0x1404d4688	0x140513ff8	0x1405d65f0	96	0x140137b5c	CEm028Shl06
0x1404d4780	0x140514020	0x1405d65f0	208	0x140137b68	CEm028Shl06
0x1404d47f0	0x140514048	0x1405d6618	0	0x140138310	CEm028Shl07
0x1404d4838	0x1405140e8	0x1405d6618	96	0x1401382f0	CEm028Shl07
0x1404d4930	0x140514110	0x1405d6618	208	0x1401382fc	CEm028Shl07
0x1404d49d0	0x140514138	0x1405d6640	0	0x140139ca0	CEm029
0x1404d4a48	0x140514210	0x1405d6640	96	0x140139c7c	CEm029
0x1404d4b40	0x140514238	0x1405d6640	208	0x140139c88	CEm029
0x1404d4b60	0x140514260	0x1405d6640	272	0x140139c58	CEm029
0x1404d4c18	0x140514288	0x1405d6640	384	0x140139c64	CEm029
0x1404d4d80	0x1405142b0	0x1405d6640	592	0x140139c70	CEm029
0x1404d4ed0	0x1405142d8	0x1405d6660	0	0x14013d670	CEm029Cart
0x1404d4f48	0x1405143b8	0x1405d6660	96	0x14013d658	CEm029Cart
0x1404d5040	0x1405143e0	0x1405d6660	208	0x14013d664	CEm029Cart
0x1404d5060	0x140514408	0x1405d6660	272	0x14013d634	CEm029Cart
0x1404d5118	0x140514430	0x1405d6660	384	0x14013d640	CEm029Cart
0x1404d5280	0x140514458	0x1405d6660	592	0x14013d64c	CEm029Cart
0x1404d5438	0x140514480	0x1405d6688	0	0x140142f30	CEm029Shl00
0x1404d5480	0x140514520	0x1405d6688	96	0x140142f0c	CEm029Shl00
0x1404d5578	0x140514548	0x1405d6688	208	0x140142f18	CEm029Shl00
0x1404d5608	0x140514570	0x1405d66b0	0	0x140143b50	CEm029Shl01
0x1404d5650	0x140514610	0x1405d66b0	96	0x140143b2c	CEm029Shl01
0x1404d5748	0x140514638	0x1405d66b0	208	0x140143b38	CEm029Shl01
0x1404d57c8	0x140514660	0x1405d66d8	0	0x1401448c0	CEm029Shl02
0x1404d5810	0x140514700	0x1405d66d8	96	0x14014489c	CEm029Shl02
0x1404d5908	0x140514728	0x1405d66d8	208	0x1401448a8	CEm029Shl02
0x1404d5988	0x140514750	0x1405d6700	0	0x140145750	CEm029Shl03
0x1404d59d0	0x1405147f0	0x1405d6700	96	0x140145730	CEm029Shl03
0x1404d5ac8	0x140514818	0x1405d6700	208	0x14014573c	CEm029Shl03
0x1404d5b88	0x140514840	0x1405d6728	0	0x140146ed0	CEm029Shl04
0x1404d5bd0	0x1405148e0	0x1405d6728	96	0x140146eb0	CEm029Shl04
0x1404d5cc8	0x140514908	0x1405d6728	208	0x140146ebc	CEm029Shl04
0x1404d5dc8	0x140514930	0x1405d6750	0	0x140148310	CEm029Shl05
0x1404d5e10	0x1405149d0	0x1405d6750	96	0x1401482ec	CEm029Shl05
0x1404d5f08	0x1405149f8	0x1405d6750	208	0x1401482f8	CEm029Shl05
0x1404d5fa0	0x140514a20	0x1405d6778	0	0x140148e00	CEm030
0x1404d6018	0x140514af0	0x1405d6778	96	0x140148de4	CEm030
0x1404d6110	0x140514b18	0x1405d6778	208	0x140148df0	CEm030
0x1404d6130	0x140514b40	0x1405d6778	272	0x140148dc0	CEm030
0x1404d61e8	0x140514b68	0x1405d6778	384	0x140148dcc	CEm030
0x1404d6350	0x140514b90	0x1405d6778	592	0x140148dd8	CEm030
0x1404d64d0	0x140514bb8	0x1405d6798	0	0x14014fcd0	CEm030Shl00
0x1404d6518	0x140514c58	0x1405d6798	96	0x14014fcb4	CEm030Shl00
0x1404d6610	0x140514c80	0x1405d6798	208	0x14014fcc0	CEm030Shl00
0x1404d66b0	0x140514ca8	0x1405d67c0	0	0x1401508c0	CEm030Shl01
0x1404d66f8	0x140514d48	0x1405d67c0	96	0x1401508a0	CEm030Shl01
0x1404d67f0	0x140514d70	0x1405d67c0	208	0x1401508ac	CEm030Shl01
0x1404d68b8	0x140514d98	0x1405d67e8	0	0x140152fe0	CEm031
0x1404d6930	0x140514e70	0x1405d67e8	96	0x140152fc0	CEm031
0x1404d6a28	0x140514e98	0x1405d67e8	208	0x140152fcc	CEm031
0x1404d6a48	0x140514ec0	0x1405d67e8	272	0x140152f9c	CEm031
0x1404d6b00	0x140514ee8	0x1405d67e8	384	0x140152fa8	CEm031
0x1404d6c68	0x140514f10	0x1405d67e8	592	0x140152fb4	CEm031
0x1404d6e80	0x140514f38	0x1405d6808	0	0x14015a9b0	CEm031Shl00
0x1404d6ef8	0x140514fe0	0x1405d6808	96	0x14015a990	CEm031Shl00
0x1404d6ff0	0x140515008	0x1405d6808	208	0x14015a99c	CEm031Shl00
0x1404d7010	0x140515030	0x1405d6808	272	0x14015a984	CEm031Shl00
0x1404d7168	0x140515058	0x1405d6830	0	0x14015cba0	CDamageHaine2
0x1404d7198	0x1405150e8	0x1405d6830	8	0x14015cb50	CDamageHaine2
0x1404d71b8	0x140515110	0x1405d6858	0	0x14015cbf0	CEm032
0x1404d7230	0x1405151e0	0x1405d6858	96	0x14015cb80	CEm032
0x1404d7328	0x140515208	0x1405d6858	208	0x14015cb8c	CEm032
0x1404d7348	0x140515230	0x1405d6858	272	0x14015cb5c	CEm032
0x1404d7400	0x140515258	0x1405d6858	384	0x14015cb68	CEm032
0x1404d7568	0x140515280	0x1405d6858	592	0x14015cb74	CEm032
0x1404d76f0	0x1405152a8	0x1405d6878	0	0x140162e40	CEm032Shl00
0x1404d7738	0x140515348	0x1405d6878	96	0x140162e1c	CEm032Shl00
0x1404d7830	0x140515370	0x1405d6878	208	0x140162e28	CEm032Shl00
0x1404d78f0	0x140515398	0x1405d68a0	0	0x140163950	CEm032Shl01
0x1404d7938	0x140515438	0x1405d68a0	96	0x140163938	CEm032Shl01
0x1404d7a30	0x140515460	0x1405d68a0	208	0x140163944	CEm032Shl01
0x1404d7b08	0x140515488	0x1405d68c8	0	0x140164c50	CEm033
0x1404d7b80	0x140515560	0x1405d68c8	96	0x140164c38	CEm033
0x1404d7c78	0x140515588	0x1405d68c8	208	0x140164c44	CEm033
0x1404d7c98	0x1405155b0	0x1405d68c8	272	0x140164c14	CEm033
0x1404d7d50	0x1405155d8	0x1405d68c8	384	0x140164c20	CEm033
0x1404d7eb8	0x140515600	0x1405d68c8	592	0x140164c2c	CEm033
0x1404d80e8	0x140515628	0x1405d68e8	0	0x140168840	CEm034
0x1404d8168	0x1405156f8	0x1405d68e8	96	0x140168820	CEm034
0x1404d8260	0x140515720	0x1405d68e8	208	0x14016882c	CEm034
0x1404d8280	0x140515748	0x1405d68e8	272	0x1401687fc	CEm034
0x1404d8338	0x140515770	0x1405d68e8	384	0x140168808	CEm034
0x1404d84a0	0x140515798	0x1405d68e8	592	0x140168814	CEm034
0x1404d8588	0x1405157c0	0x1405d6908	0	0x1401721d0	CEm034Shl00
0x1404d85d0	0x140515860	0x1405d6908	96	0x1401721ac	CEm034Shl00
0x1404d86c8	0x140515888	0x1405d6908	208	0x1401721b8	CEm034Shl00
0x1404d8738	0x1405158b0	0x1405d6930	0	0x140172960	CEm034Shl01
0x1404d8780	0x140515950	0x1405d6930	96	0x14017293c	CEm034Shl01
0x1404d8878	0x140515978	0x1405d6930	208	0x140172948	CEm034Shl01
0x1404d88e8	0x1405159a0	0x1405d6958	0	0x1401735e0	CEm034Shl02
0x1404d8930	0x140515a40	0x1405d6958	96	0x1401735bc	CEm034Shl02
0x1404d8a28	0x140515a68	0x1405d6958	208	0x1401735c8	CEm034Shl02
0x1404d8a98	0x140515a90	0x1405d6980	0	0x140174010	CEm034Shl03
0x1404d8ae0	0x140515b30	0x1405d6980	96	0x140173fec	CEm034Shl03
0x1404d8bd8	0x140515b58	0x1405d6980	208	0x140173ff8	CEm034Shl03
0x1404d8c48	0x140515b80	0x1405d69a8	0	0x1401751a0	CEm034Shl04
0x1404d8c90	0x140515c20	0x1405d69a8	96	0x14017517c	CEm034Shl04
0x1404d8d88	0x140515c48	0x1405d69a8	208	0x140175188	CEm034Shl04
0x1404d8df8	0x140515c70	0x1405d69d0	0	0x140175aa0	CEm034Shl05
0x1404d8e40	0x140515d10	0x1405d69d0	96	0x140175a7c	CEm034Shl05
0x1404d8f38	0x140515d38	0x1405d69d0	208	0x140175a88	CEm034Shl05
0x1404d8ff8	0x140515d60	0x1405d69f8	0	0x140176d20	CEm035
0x1404d9078	0x140515e28	0x1405d69f8	96	0x140176d08	CEm035
0x1404d9170	0x140515e50	0x1405d69f8	208	0x140176d14	CEm035
0x1404d9190	0x140515e78	0x1405d69f8	272	0x140176ce4	CEm035
0x1404d9248	0x140515ea0	0x1405d69f8	384	0x140176cf0	CEm035
0x1404d93b0	0x140515ec8	0x1405d69f8	592	0x140176cfc	CEm035
0x1404d9468	0x140515ef0	0x1405d6a18	0	0x140187590	CEm035Shl00
0x1404d94b0	0x140515f90	0x1405d6a18	96	0x140187570	CEm035Shl00
0x1404d95a8	0x140515fb8	0x1405d6a18	208	0x14018757c	CEm035Shl00
0x1404d9618	0x140515fe0	0x1405d6a40	0	0x1401884d0	CEm035Shl01
0x1404d9660	0x140516080	0x1405d6a40	96	0x1401884b0	CEm035Shl01
0x1404d9758	0x1405160a8	0x1405d6a40	208	0x1401884bc	CEm035Shl01
0x1404d9818	0x1405160d0	0x1405d6a68	0	0x140188ba0	CEm035Shl02
0x1404d9860	0x140516170	0x1405d6a68	96	0x140188b80	CEm035Shl02
0x1404d9958	0x140516198	0x1405d6a68	208	0x140188b8c	CEm035Shl02
0x1404d9a20	0x1405161c0	0x1405d6a90	0	0x14018ad00	CEm037
0x1404d9a98	0x140516290	0x1405d6a90	96	0x14018ace4	CEm037
0x1404d9b90	0x1405162b8	0x1405d6a90	208	0x14018acf0	CEm037
0x1404d9bb0	0x1405162e0	0x1405d6a90	272	0x14018acc0	CEm037
0x1404d9c68	0x140516308	0x1405d6a90	384	0x14018accc	CEm037
0x1404d9dd0	0x140516330	0x1405d6a90	592	0x14018acd8	CEm037
0x1404d9fc8	0x140516358	0x1405d6ab0	0	0x1401963e0	CEm037Ball
0x1404da040	0x140516428	0x1405d6ab0	96	0x1401963c0	CEm037Ball
0x1404da138	0x140516450	0x1405d6ab0	208	0x1401963cc	CEm037Ball
0x1404da158	0x140516478	0x1405d6ab0	272	0x14019639c	CEm037Ball
0x1404da210	0x1405164a0	0x1405d6ab0	384	0x1401963a8	CEm037Ball
0x1404da378	0x1405164c8	0x1405d6ab0	592	0x1401963b4	CEm037Ball
0x1404da420	0x1405164f0	0x1405d6ad8	0	0x140197ef0	CEm037Shl00
0x1404da468	0x140516590	0x1405d6ad8	96	0x140197ecc	CEm037Shl00
0x1404da560	0x1405165b8	0x1405d6ad8	208	0x140197ed8	CEm037Shl00
0x1404da5b0	0x1405165e0	0x1405d6b00	0	0x1401996b0	CEm037Shl00Ctrl
0x1404da5f8	0x140516680	0x1405d6b00	96	0x140199698	CEm037Shl00Ctrl
0x1404da6f0	0x1405166a8	0x1405d6b00	208	0x1401996a4	CEm037Shl00Ctrl
0x1404da760	0x1405166d0	0x1405d6b28	0	0x140199ea0	CEm037Shl01
0x1404da7a8	0x140516770	0x1405d6b28	96	0x140199e7c	CEm037Shl01
0x1404da8a0	0x140516798	0x1405d6b28	208	0x140199e88	CEm037Shl01
0x1404da8e8	0x1405167c0	0x1405d6b50	0	0x14019b530	CEm037Shl01Ctrl
0x1404da930	0x140516860	0x1405d6b50	96	0x14019b510	CEm037Shl01Ctrl
0x1404daa28	0x140516888	0x1405d6b50	208	0x14019b51c	CEm037Shl01Ctrl
0x1404daa98	0x1405168b0	0x1405d6b78	0	0x14019be80	CEm037Shl02
0x1404daae0	0x140516950	0x1405d6b78	96	0x14019be5c	CEm037Shl02
0x1404dabd8	0x140516978	0x1405d6b78	208	0x14019be68	CEm037Shl02
0x1404dac20	0x1405169a0	0x1405d6ba0	0	0x14019d480	CEm037Shl02Ctrl
0x1404dac68	0x140516a40	0x1405d6ba0	96	0x14019d464	CEm037Shl02Ctrl
0x1404dad60	0x140516a68	0x1405d6ba0	208	0x14019d470	CEm037Shl02Ctrl
0x1404dadd0	0x140516a90	0x1405d6bc8	0	0x14019e340	CEm037Shl03
0x1404dae18	0x140516b30	0x1405d6bc8	96	0x14019e320	CEm037Shl03
0x1404daf10	0x140516b58	0x1405d6bc8	208	0x14019e32c	CEm037Shl03
0x1404dafd0	0x140516b80	0x1405d6bf0	0	0x14019eae0	CEm037Shl04
0x1404db018	0x140516c20	0x1405d6bf0	96	0x14019eabc	CEm037Shl04
0x1404db110	0x140516c48	0x1405d6bf0	208	0x14019eac8	CEm037Shl04
0x1404db158	0x140516c70	0x1405d6c18	0	0x14019f9d0	CEm037Shl04Ctrl
0x1404db1a0	0x140516d10	0x1405d6c18	96	0x14019f9b0	CEm037Shl04Ctrl
0x1404db298	0x140516d38	0x1405d6c18	208	0x14019f9bc	CEm037Shl04Ctrl
0x1404db360	0x140516d60	0x1405d6c40	0	0x1401a0230	CEm037Shl05
0x1404db3a8	0x140516e00	0x1405d6c40	96	0x1401a0218	CEm037Shl05
0x1404db4a0	0x140516e28	0x1405d6c40	208	0x1401a0224	CEm037Shl05
0x1404db4e8	0x140516e50	0x1405d6c68	0	0x1401a0a90	CEm037Shl05Ctrl
0x1404db530	0x140516ef0	0x1405d6c68	96	0x1401a0a6c	CEm037Shl05Ctrl
0x1404db628	0x140516f18	0x1405d6c68	208	0x1401a0a78	CEm037Shl05Ctrl
0x1404db698	0x140516f40	0x1405d6c90	0	0x1401a0e70	CEm037Shl07
0x1404db6e0	0x140516fe0	0x1405d6c90	96	0x1401a0e54	CEm037Shl07
0x1404db7d8	0x140517008	0x1405d6c90	208	0x1401a0e60	CEm037Shl07
0x1404db840	0x140517030	0x1405d6cb8	0	0x1401a19c0	CEm037ShlEffCtrl
0x1404db888	0x1405170d0	0x1405d6cb8	96	0x1401a19a4	CEm037ShlEffCtrl
0x1404db980	0x1405170f8	0x1405d6cb8	208	0x1401a19b0	CEm037ShlEffCtrl
0x1404dba18	0x140517120	0x1405d6ce0	0	0x1401a2210	CEmShl000
0x1404dba60	0x1405171c0	0x1405d6ce0	96	0x1401a21f4	CEmShl000
0x1404dbb58	0x1405171e8	0x1405d6ce0	208	0x1401a2200	CEmShl000
0x1404dbbf8	0x140517210	0x1405d6d00	0	0x1401a3910	CEmShl01
0x1404dbc40	0x1405172b0	0x1405d6d00	96	0x1401a38f0	CEmShl01
0x1404dbd38	0x1405172d8	0x1405d6d00	208	0x1401a38fc	CEmShl01
0x1404dbdd0	0x140517300	0x1405d6d40	0	0x1401a53e0	.?AV?$CList@VCNonPlayer@@@@
0x1404dbea8	0x140517378	0x1405d6d70	0	0x1401ac6a0	IFactoryEnemy
0x1404dbec0	0x1405173f0	0x1405d6d98	0	0x1401ac6a0	CFactoryEnemy
0x1404dbf58	0x140517470	0x1405d6dc0	0	0x1401b02e0	CHeartShl00
0x1404dbfa0	0x140517510	0x1405d6dc0	96	0x1401b02bc	CHeartShl00
0x1404dc098	0x140517538	0x1405d6dc0	208	0x1401b02c8	CHeartShl00
0x1404dc150	0x140517560	0x1405d6de8	0	0x1401b0f90	CHeartShl01
0x1404dc198	0x140517600	0x1405d6de8	96	0x1401b0f70	CHeartShl01
0x1404dc290	0x140517628	0x1405d6de8	208	0x1401b0f7c	CHeartShl01
0x1404dc2f0	0x140517650	0x1405d6e10	0	0x1401b5590	CHeartShl02
0x1404dc330	0x1405176d0	0x1405d6e38	0	0x1401b23a0	IHitMark
0x1404dc358	0x140517748	0x1405d6e58	0	0x1401b2370	CHitMark
0x1404dc388	0x1405177c8	0x1405d6e98	0	0x1401b46f0	CItemGet
0x1404dc3c0	0x140517898	0x1405d6eb8	0	0x1401b5590	CItemKey
0x1404dc428	0x140517920	0x1405d6ed8	0	0x1401b5bb0	CItemOrb
0x1404dc508	0x1405179a8	0x1405d6ef8	0	0x1401bd120	CMisSelect
0x1404dc530	0x140517a20	0x1405d5bf8	0	0x1401be460	INonPlayer
0x1404dc5e8	0x140517a48	0x1405d5bd0	0	0x1401be3f0	CNonPlayer
0x1404dc660	0x140517a70	0x1405d5bd0	96	0x1401be3d4	CNonPlayer
0x1404dc758	0x140517a98	0x1405d5bd0	208	0x1401be3e0	CNonPlayer
0x1404dc778	0x140517ac0	0x1405d5bd0	272	0x1401be3c8	CNonPlayer
0x1404dca28	0x140517ae8	0x1405d5c20	0	0x1401bff00	INonPlayerDeath
0x1404dca38	0x140517c10	0x1405d5ba8	0	0x1401bfe40	CNonPlayerDeath
0x1404dcaf8	0x140517c38	0x1405d5ba8	96	0x1401bfe24	CNonPlayerDeath
0x1404dcbf0	0x140517c60	0x1405d5ba8	208	0x1401bfe30	CNonPlayerDeath
0x1404dcc10	0x140517c88	0x1405d5ba8	272	0x1401bfe0c	CNonPlayerDeath
0x1404dccc8	0x140517cb0	0x1405d5ba8	384	0x1401bfe18	CNonPlayerDeath
0x1404dccd8	0x140517b10	0x1405d6f20	0	0x1401bfec0	CNonPlayerDeathEffect
0x1404dcd20	0x140517b90	0x1405d6f50	0	0x1401bfe80	CNonPlayerDeathEffect2
0x1404dcda0	0x140517cd8	0x1405d6f80	0	0x1401c9950	IPermitAttack
0x1404dcdd0	0x140517d50	0x1405d6fa8	0	0x1401c9920	CPermitAttack
0x1404dce50	0x140517dd0	0x1405d6fd0	0	0x1401c9b10	CPl000Shl00
0x1404dce98	0x140517e70	0x1405d6fd0	96	0x1401c9af4	CPl000Shl00
0x1404dcf90	0x140517e98	0x1405d6fd0	208	0x1401c9b00	CPl000Shl00
0x1404dd000	0x140517ec0	0x1405d6ff8	0	0x1401ca320	CPl000Shl01
0x1404dd048	0x140517f60	0x1405d6ff8	96	0x1401ca304	CPl000Shl01
0x1404dd140	0x140517f88	0x1405d6ff8	208	0x1401ca310	CPl000Shl01
0x1404dd258	0x140517fb0	0x1405d7020	0	0x1401cb070	CPl000Shl02
0x1404dd2a0	0x140518050	0x1405d7020	96	0x1401cb050	CPl000Shl02
0x1404dd398	0x140518078	0x1405d7020	208	0x1401cb05c	CPl000Shl02
0x1404dd438	0x1405180a0	0x1405d7048	0	0x1401cc090	CPl000Shl03
0x1404dd480	0x140518140	0x1405d7048	96	0x1401cc070	CPl000Shl03
0x1404dd578	0x140518168	0x1405d7048	208	0x1401cc07c	CPl000Shl03
0x1404dd5f8	0x140518190	0x1405d7070	0	0x1401ce1e0	CPl000Shl04
0x1404dd640	0x140518230	0x1405d7070	96	0x1401ce1c8	CPl000Shl04
0x1404dd738	0x140518258	0x1405d7070	208	0x1401ce1d4	CPl000Shl04
0x1404dd7b0	0x140518280	0x1405d7098	0	0x1401cf210	CPl000Shl05
0x1404dd7f8	0x140518320	0x1405d7098	96	0x1401cf1f8	CPl000Shl05
0x1404dd8f0	0x140518348	0x1405d7098	208	0x1401cf204	CPl000Shl05
0x1404dd960	0x140518370	0x1405d70c0	0	0x1401cf9e0	CPl000Shl06
0x1404dd9a8	0x140518410	0x1405d70c0	96	0x1401cf9c8	CPl000Shl06
0x1404ddaa0	0x140518438	0x1405d70c0	208	0x1401cf9d4	CPl000Shl06
0x1404ddb10	0x140518460	0x1405d70e8	0	0x1401d0b30	CPl000Shl07
0x1404ddb58	0x140518500	0x1405d70e8	96	0x1401d0b18	CPl000Shl07
0x1404ddc50	0x140518528	0x1405d70e8	208	0x1401d0b24	CPl000Shl07
0x1404ddcc8	0x140518550	0x1405d7110	0	0x1401d1390	CPl000Shl08
0x1404ddd10	0x1405185f0	0x1405d7110	96	0x1401d136c	CPl000Shl08
0x1404dde08	0x140518618	0x1405d7110	208	0x1401d1378	CPl000Shl08
0x1404dde78	0x140518640	0x1405d7138	0	0x1401d2200	CPl000Shl09
0x1404ddec0	0x1405186e0	0x1405d7138	96	0x1401d21e4	CPl000Shl09
0x1404ddfb8	0x140518708	0x1405d7138	208	0x1401d21f0	CPl000Shl09
0x1404de028	0x140518730	0x1405d7160	0	0x1401d36e0	CPl000Shl0a
0x1404de070	0x1405187d0	0x1405d7160	96	0x1401d36c0	CPl000Shl0a
0x1404de168	0x1405187f8	0x1405d7160	208	0x1401d36cc	CPl000Shl0a
0x1404de1f8	0x140518820	0x1405d7188	0	0x1401d42e0	CPl000Shl0b
0x1404de240	0x1405188c0	0x1405d7188	96	0x1401d42c0	CPl000Shl0b
0x1404de338	0x1405188e8	0x1405d7188	208	0x1401d42cc	CPl000Shl0b
0x1404de3f8	0x140518910	0x1405d71b0	0	0x1401d4df0	CPl000Shl0c
0x1404de440	0x1405189b0	0x1405d71b0	96	0x1401d4db8	CPl000Shl0c
0x1404de538	0x1405189d8	0x1405d71b0	208	0x1401d4dc4	CPl000Shl0c
0x1404de558	0x140518a00	0x1405d71d8	0	0x1401d4e60	CPl000Shl0cICE
0x1404de5a0	0x140518aa0	0x1405d71d8	96	0x1401d4dd0	CPl000Shl0cICE
0x1404de698	0x140518ac8	0x1405d71d8	208	0x1401d4ddc	CPl000Shl0cICE
0x1404de708	0x140518af0	0x1405d7200	0	0x1401d5ae0	CPl000Shl0d
0x1404de750	0x140518b90	0x1405d7200	96	0x1401d5ac0	CPl000Shl0d
0x1404de848	0x140518bb8	0x1405d7200	208	0x1401d5acc	CPl000Shl0d
0x1404de8c8	0x140518be0	0x1405d7228	0	0x1401d63e0	CPl000Shl0e
0x1404de910	0x140518c80	0x1405d7228	96	0x1401d63c0	CPl000Shl0e
0x1404dea08	0x140518ca8	0x1405d7228	208	0x1401d63cc	CPl000Shl0e
0x1404dea80	0x140518cd0	0x1405d7250	0	0x1401d7020	CPl000Shl0f
0x1404deac8	0x140518d70	0x1405d7250	96	0x1401d7004	CPl000Shl0f
0x1404debc0	0x140518d98	0x1405d7250	208	0x1401d7010	CPl000Shl0f
0x1404dec30	0x140518dc0	0x1405d7278	0	0x1401d7710	CPl000Shl10
0x1404dec78	0x140518e60	0x1405d7278	96	0x1401d76ec	CPl000Shl10
0x1404ded70	0x140518e88	0x1405d7278	208	0x1401d76f8	CPl000Shl10
0x1404dede0	0x140518eb0	0x1405d72a0	0	0x1401d8370	CPl021Shl00
0x1404dee28	0x140518f50	0x1405d72a0	96	0x1401d8350	CPl021Shl00
0x1404def20	0x140518f78	0x1405d72a0	208	0x1401d835c	CPl021Shl00
0x1404defe0	0x140518fa0	0x1405d72c8	0	0x1401d9730	CPl021Shl01
0x1404df028	0x140519040	0x1405d72c8	96	0x1401d9714	CPl021Shl01
0x1404df120	0x140519068	0x1405d72c8	208	0x1401d9720	CPl021Shl01
0x1404df190	0x140519090	0x1405d72f0	0	0x1401dc0c0	CPl021Shl02
0x1404df1d8	0x140519130	0x1405d72f0	96	0x1401dc0a0	CPl021Shl02
0x1404df2d0	0x140519158	0x1405d72f0	208	0x1401dc0ac	CPl021Shl02
0x1404df340	0x140519180	0x1405d7318	0	0x1401dc790	CPl021Shl03
0x1404df388	0x140519220	0x1405d7318	96	0x1401dc770	CPl021Shl03
0x1404df480	0x140519248	0x1405d7318	208	0x1401dc77c	CPl021Shl03
0x1404df748	0x140519270	0x1405d7340	0	0x1401de540	.?AV?$CList@VCLockOnTarget@@@@
0x1404df758	0x1405192e8	0x1405d7370	0	0x1401de570	CKeyBuffer
0x1404df768	0x1405198d0	0x1405d73d8	0	0x1401de720	IPlayer
0x1404df778	0x1405198f8	0x1405d73b8	0	0x1401de6e0	CPlayer
0x1404df868	0x140519920	0x1405d73b8	96	0x1401de528	CPlayer
0x1404df960	0x140519948	0x1405d73b8	208	0x1401de534	CPlayer
0x1404df980	0x140519970	0x1405d73b8	272	0x1401de51c	CPlayer
0x1404df990	0x140519360	0x1405d7398	0	0x1401de5e0	CPlDante
0x1404dfa80	0x1405194f8	0x1405d7398	96	0x1401de498	CPlDante
0x1404dfb78	0x140519520	0x1405d7398	208	0x1401de4a4	CPlDante
0x1404dfb98	0x140519548	0x1405d7398	272	0x1401de48c	CPlDante
0x1404dfba8	0x140519570	0x1405d73f8	0	0x1401de6a0	CPlVergil
0x1404dfc98	0x140519618	0x1405d73f8	96	0x1401de504	CPlVergil
0x1404dfd90	0x140519640	0x1405d73f8	208	0x1401de510	CPlVergil
0x1404dfdb0	0x140519668	0x1405d73f8	272	0x1401de4f8	CPlVergil
0x1404dfdc0	0x140519690	0x1405d7418	0	0x1401de620	CPlLady
0x1404dfeb0	0x140519738	0x1405d7418	96	0x1401de4bc	CPlLady
0x1404dffa8	0x140519760	0x1405d7418	208	0x1401de4c8	CPlLady
0x1404dffc8	0x140519788	0x1405d7418	272	0x1401de4b0	CPlLady
0x1404dffd8	0x1405197b0	0x1405d7438	0	0x1401de660	CPlNewVergil
0x1404e00c8	0x140519858	0x1405d7438	96	0x1401de4e0	CPlNewVergil
0x1404e01c0	0x140519880	0x1405d7438	208	0x1401de4ec	CPlNewVergil
0x1404e01e0	0x1405198a8	0x1405d7438	272	0x1401de4d4	CPlNewVergil
0x1404e0698	0x140519998	0x1405d7460	0	0x140227810	CPlayerWeapon
0x1404e0718	0x140519a30	0x1405d7460	96	0x1402277b0	CPlayerWeapon
0x1404e0810	0x140519a58	0x1405d7460	208	0x1402277bc	CPlayerWeapon
0x1404e0830	0x140519a80	0x1405d7488	0	0x1402277d0	CPlWp2Sword
0x1404e08b0	0x140519b20	0x1405d7488	96	0x140227798	CPlWp2Sword
0x1404e09a8	0x140519b48	0x1405d7488	208	0x1402277a4	CPlWp2Sword
0x1404e0a40	0x140519b70	0x1405d74b0	0	0x140228cb0	CPlWpFight
0x1404e0ac0	0x140519c10	0x1405d74b0	96	0x140228c8c	CPlWpFight
0x1404e0bb8	0x140519c38	0x1405d74b0	208	0x140228c98	CPlWpFight
0x1404e0ca0	0x140519c60	0x1405d74d8	0	0x1402298a0	CPlWpFoeceEdge
0x1404e0d20	0x140519d00	0x1405d74d8	96	0x14022987c	CPlWpFoeceEdge
0x1404e0e18	0x140519d28	0x1405d74d8	208	0x140229888	CPlWpFoeceEdge
0x1404e0ed8	0x140519e40	0x1405d7528	0	0x14022a190	CString
0x1404e0f18	0x140519d50	0x1405d7500	0	0x14022a150	CPlWpGuitar
0x1404e0f98	0x140519df0	0x1405d7500	96	0x14022a12c	CPlWpGuitar
0x1404e1090	0x140519e18	0x1405d7500	208	0x14022a138	CPlWpGuitar
0x1404e1128	0x140519ec0	0x1405d7548	0	0x14022b080	CPlWpGun
0x1404e11a8	0x140519f60	0x1405d7548	96	0x14022b064	CPlWpGun
0x1404e12a0	0x140519f88	0x1405d7548	208	0x14022b070	CPlWpGun
0x1404e1338	0x140519fb0	0x1405d7568	0	0x14022b9f0	CPlWpLadyGun
0x1404e13b8	0x14051a050	0x1405d7568	96	0x14022b9cc	CPlWpLadyGun
0x1404e14b0	0x14051a078	0x1405d7568	208	0x14022b9d8	CPlWpLadyGun
0x1404e1548	0x14051a0a0	0x1405d7590	0	0x14022c460	CPlWpLaser
0x1404e15c8	0x14051a140	0x1405d7590	96	0x14022c43c	CPlWpLaser
0x1404e16c0	0x14051a168	0x1405d7590	208	0x14022c448	CPlWpLaser
0x1404e1760	0x14051a190	0x1405d75b8	0	0x14022cec0	CPlWpNeroSword
0x1404e17e0	0x14051a230	0x1405d75b8	96	0x14022cea0	CPlWpNeroSword
0x1404e18d8	0x14051a258	0x1405d75b8	208	0x14022ceac	CPlWpNeroSword
0x1404e1970	0x14051a280	0x1405d75e0	0	0x14022d920	CPlWpNewVergilSword
0x1404e19f0	0x14051a320	0x1405d75e0	96	0x14022d8fc	CPlWpNewVergilSword
0x1404e1ae8	0x14051a348	0x1405d75e0	208	0x14022d908	CPlWpNewVergilSword
0x1404e1b80	0x14051a370	0x1405d7610	0	0x14022e820	CPlWpNunchaku
0x1404e1c00	0x14051a410	0x1405d7610	96	0x14022e804	CPlWpNunchaku
0x1404e1cf8	0x14051a438	0x1405d7610	208	0x14022e810	CPlWpNunchaku
0x1404e1d68	0x14051a460	0x1405d7638	0	0x140230060	CPlWpRifle
0x1404e1de8	0x14051a500	0x1405d7638	96	0x140230044	CPlWpRifle
0x1404e1ee0	0x14051a528	0x1405d7638	208	0x140230050	CPlWpRifle
0x1404e1f78	0x14051a550	0x1405d7660	0	0x140230670	CPlWpShotGun
0x1404e1ff8	0x14051a5f0	0x1405d7660	96	0x14023064c	CPlWpShotGun
0x1404e20f0	0x14051a618	0x1405d7660	208	0x140230658	CPlWpShotGun
0x1404e2190	0x14051a640	0x1405d7688	0	0x140231070	CPlWpSword
0x1404e2210	0x14051a6e0	0x1405d7688	96	0x14023104c	CPlWpSword
0x1404e2308	0x14051a708	0x1405d7688	208	0x140231058	CPlWpSword
0x1404e23a0	0x14051a730	0x1405d76b0	0	0x1402319f0	CPlWpVergilSword
0x1404e2420	0x14051a7d0	0x1405d76b0	96	0x1402319d0	CPlWpVergilSword
0x1404e2518	0x14051a7f8	0x1405d76b0	208	0x1402319dc	CPlWpVergilSword
0x1404e2588	0x14051a820	0x1405d76d8	0	0x1402323c0	CEffectBase
0x1404e25d0	0x14051a9d0	0x1405d7770	0	0x140232410	CPtclLine00
0x1404e2650	0x14051aa68	0x1405d7798	0	0x140234a90	CFPtclLine00
0x1404e2728	0x14051ab00	0x1405d77c0	0	0x140232410	CPtclLine01
0x1404e27a8	0x14051ab98	0x1405d77e8	0	0x140234a90	CFPtclLine01
0x1404e2878	0x14051ac30	0x1405d7810	0	0x140234ae0	CPtclLine02
0x1404e28f8	0x14051acc8	0x1405d7838	0	0x140234a90	CFPtclLine02
0x1404e29c8	0x14051ad60	0x1405d7860	0	0x140234ae0	CPtclPoly00
0x1404e2a48	0x14051adf8	0x1405d7888	0	0x140234a90	CFPtclPoly00
0x1404e2b18	0x14051ae90	0x1405d78b0	0	0x140232410	CPtclPoly01
0x1404e2b98	0x14051af28	0x1405d78d8	0	0x140234a90	CFPtclPoly01
0x1404e2c68	0x14051afc0	0x1405d7900	0	0x1402369c0	CPtclSprt00
0x1404e2ce8	0x14051b058	0x1405d7928	0	0x140234a90	CFPtclSprt00
0x1404e30c0	0x14051b168	0x1405d7970	0	0x14023fe90	CSceneMgrGame
0x1404e30d8	0x14051b0f0	0x1405d7950	0	0x14023fd10	CScene
0x1404e3108	0x14051b1e8	0x1405d7998	0	0x14023fb20	CChain
0x1404e3118	0x14051b260	0x1405d79b8	0	0x14023fc60	CLightMgr
0x1404e3128	0x14051b2d8	0x1405d79d8	0	0x14023fca0	CLightStatic
0x1404e3138	0x14051b448	0x1405d7a50	0	0x14023fd40	CSceneBoot
0x1404e3168	0x14051b4c8	0x1405d7a78	0	0x14023ff90	CSceneOpening
0x1404e3198	0x14051b548	0x1405d7aa0	0	0x140240030	CSceneStartMenu
0x1404e31c8	0x14051b6c0	0x1405d7b20	0	0x14023fc30	CGameW
0x1404e31d8	0x14051b738	0x1405d7b40	0	0x14023fed0	CSceneMisSelect
0x1404e3208	0x14051b5c8	0x1405d7ac8	0	0x14023fb50	CEventMission
0x1404e3218	0x14051b350	0x1405d7a00	0	0x140240060	SLoadOneGame
0x1404e3228	0x14051b3d0	0x1405d7a28	0	0x14023fbb0	CGameLoader
0x1404e3238	0x14051b838	0x1405d7b90	0	0x14023fe10	CSceneGame
0x1404e3268	0x14051b9c0	0x1405d7c08	0	0x14023fa30	CCameraCtrl
0x1404e3280	0x14051b8b8	0x1405d7bb8	0	0x14023fae0	CCameraPlayer
0x1404e3298	0x14051b938	0x1405d7be0	0	0x14023f9f0	CCameraBoss
0x1404e32b0	0x14051ba40	0x1405d7c30	0	0x14023fa70	CCameraMiniDemo
0x1404e32c8	0x14051b7b8	0x1405d7b68	0	0x14023fe50	CSceneGameMain
0x1404e32f8	0x14051bac0	0x1405d7c58	0	0x14023fd70	CSceneDemo
0x1404e3328	0x14051bb40	0x1405d7c80	0	0x14023ff20	CSceneMisStart
0x1404e3358	0x14051bbc0	0x1405d7ca8	0	0x14023fb80	CExtraInfo
0x1404e3368	0x14051bc38	0x1405d7cd0	0	0x14023ffc0	CSceneResult
0x1404e3398	0x14051bcb8	0x1405d7cf8	0	0x14023fde0	CSceneEnding
0x1404e34a0	0x14051bd38	0x1405d7d20	0	0x140243780	CDrawBreak
0x1404e3680	0x14051bdd0	0x1405d7d20	8	0x140243770	CDrawBreak
0x1404e37f0	0x14051bdf8	0x1405d7d48	0	0x1402437d0	CScrnBreak
0x1404e3868	0x14051be78	0x1405d5c70	0	0x1402447b0	CShell
0x1404e38b0	0x14051bea0	0x1405d5c70	96	0x140244798	CShell
0x1404e39a8	0x14051bec8	0x1405d5c70	208	0x1402447a4	CShell
0x1404e39c8	0x14051bef0	0x1405d6508	0	0x140244fe0	CShell2
0x1404e3a40	0x14051bf18	0x1405d6508	96	0x140244fc4	CShell2
0x1404e3b38	0x14051bf40	0x1405d6508	208	0x140244fd0	CShell2
0x1404e3b58	0x14051bf68	0x1405d6508	272	0x140244fb8	CShell2
0x1404e3c38	0x14051bf90	0x1405d7d70	0	0x140088a40	CStaffRoll
0x1404e3d18	0x14051c010	0x1405d7d98	0	0x140245ba0	CStage
0x1404e4158	0x14051c090	0x1405d6d20	0	0x1402484b0	CStageSet
0x1404e41b0	0x14051c108	0x1405d7db8	0	0x1402484e0	CStageSetBingo
0x1404e41f8	0x14051c1d0	0x1405d7db8	96	0x140248498	CStageSetBingo
0x1404e42f0	0x14051c1f8	0x1405d7db8	208	0x1402484a4	CStageSetBingo
0x1404e4310	0x14051c220	0x1405d7db8	272	0x14024848c	CStageSetBingo
0x1404e4458	0x14051c248	0x1405d7de0	0	0x1402495d0	CStageSetBreak
0x1404e44a0	0x14051c2e8	0x1405d7de0	96	0x1402495a0	CStageSetBreak
0x1404e4598	0x14051c310	0x1405d7de0	208	0x1402495ac	CStageSetBreak
0x1404e45b8	0x14051c338	0x1405d7de0	272	0x140249594	CStageSetBreak
0x1404e4610	0x14051c360	0x1405d7e08	0	0x140249610	CStageSetShl00
0x1404e4658	0x14051c3f8	0x1405d7e08	96	0x1402495b8	CStageSetShl00
0x1404e4750	0x14051c420	0x1405d7e08	208	0x1402495c4	CStageSetShl00
0x1404e4898	0x14051c448	0x1405d7e30	0	0x14024b7c0	CStageSetBrocken
0x1404e48e0	0x14051c4e8	0x1405d7e30	96	0x14024b7a4	CStageSetBrocken
0x1404e49d8	0x14051c510	0x1405d7e30	208	0x14024b7b0	CStageSetBrocken
0x1404e49f8	0x14051c538	0x1405d7e30	272	0x14024b798	CStageSetBrocken
0x1404e4ab8	0x14051c560	0x1405d7e58	0	0x14024cf00	CStageSetCatapult
0x1404e4b00	0x14051c600	0x1405d7e58	96	0x14024cedc	CStageSetCatapult
0x1404e4bf8	0x14051c628	0x1405d7e58	208	0x14024cee8	CStageSetCatapult
0x1404e4c18	0x14051c650	0x1405d7e58	272	0x14024ced0	CStageSetCatapult
0x1404e4cd0	0x14051c678	0x1405d7e80	0	0x14024d9a0	CStageSetCollision
0x1404e4d18	0x14051c718	0x1405d7e80	96	0x14024d97c	CStageSetCollision
0x1404e4e10	0x14051c740	0x1405d7e80	208	0x14024d988	CStageSetCollision
0x1404e4e30	0x14051c768	0x1405d7e80	272	0x14024d970	CStageSetCollision
0x1404e4ef0	0x14051c790	0x1405d7eb0	0	0x14024e5f0	CStageSetColor
0x1404e4f30	0x14051c840	0x1405d7eb0	96	0x14024e5d8	CStageSetColor
0x1404e5088	0x14051c868	0x1405d7ed8	0	0x14024f2c0	CStageSetCombo
0x1404e50d0	0x14051c908	0x1405d7ed8	96	0x14024f2a4	CStageSetCombo
0x1404e51c8	0x14051c930	0x1405d7ed8	208	0x14024f2b0	CStageSetCombo
0x1404e51e8	0x14051c958	0x1405d7ed8	272	0x14024f298	CStageSetCombo
0x1404e5360	0x14051c980	0x1405d7f00	0	0x1402519c0	CStageSetCrystal
0x1404e53a8	0x14051ca20	0x1405d7f00	96	0x1402519a8	CStageSetCrystal
0x1404e54a0	0x14051ca48	0x1405d7f00	208	0x1402519b4	CStageSetCrystal
0x1404e54c0	0x14051ca70	0x1405d7f00	272	0x14025199c	CStageSetCrystal
0x1404e55f8	0x14051ca98	0x1405d7f28	0	0x140253a00	CStageSetEye
0x1404e5640	0x14051cb38	0x1405d7f28	96	0x1402539e0	CStageSetEye
0x1404e5738	0x14051cb60	0x1405d7f28	208	0x1402539ec	CStageSetEye
0x1404e5758	0x14051cb88	0x1405d7f28	272	0x1402539d4	CStageSetEye
0x1404e5858	0x14051cbb0	0x1405d7f50	0	0x140254d50	CStageSetFence
0x1404e58a0	0x14051cc50	0x1405d7f50	96	0x140254d30	CStageSetFence
0x1404e5998	0x14051cc78	0x1405d7f50	208	0x140254d3c	CStageSetFence
0x1404e59b8	0x14051cca0	0x1405d7f50	272	0x140254d24	CStageSetFence
0x1404e5aa0	0x14051ccc8	0x1405d7f78	0	0x140255cf0	CStageSetGate
0x1404e5ae8	0x14051cd68	0x1405d7f78	96	0x140255cd8	CStageSetGate
0x1404e5be0	0x14051cd90	0x1405d7f78	208	0x140255ce4	CStageSetGate
0x1404e5c00	0x14051cdb8	0x1405d7f78	272	0x140255ccc	CStageSetGate
0x1404e5cc8	0x14051cde0	0x1405d7fa0	0	0x140257be0	CStageSetGearArch
0x1404e5d10	0x14051ce80	0x1405d7fa0	96	0x140257bbc	CStageSetGearArch
0x1404e5e08	0x14051cea8	0x1405d7fa0	208	0x140257bc8	CStageSetGearArch
0x1404e5e28	0x14051ced0	0x1405d7fa0	272	0x140257bb0	CStageSetGearArch
0x1404e5f28	0x14051cef8	0x1405d7fc8	0	0x140258aa0	CStageSetHang
0x1404e5f70	0x14051cf98	0x1405d7fc8	96	0x140258a7c	CStageSetHang
0x1404e6068	0x14051cfc0	0x1405d7fc8	208	0x140258a88	CStageSetHang
0x1404e6088	0x14051cfe8	0x1405d7fc8	272	0x140258a70	CStageSetHang
0x1404e61b0	0x14051d010	0x1405d7ff0	0	0x14025b2a0	CStageSetHang2
0x1404e61f8	0x14051d0b0	0x1405d7ff0	96	0x14025b27c	CStageSetHang2
0x1404e62f0	0x14051d0d8	0x1405d7ff0	208	0x14025b288	CStageSetHang2
0x1404e6310	0x14051d100	0x1405d7ff0	272	0x14025b270	CStageSetHang2
0x1404e6410	0x14051d128	0x1405d8018	0	0x14025db90	CStageSetHeart
0x1404e6488	0x14051d208	0x1405d8018	96	0x14025db78	CStageSetHeart
0x1404e6580	0x14051d230	0x1405d8018	208	0x14025db84	CStageSetHeart
0x1404e65a0	0x14051d258	0x1405d8018	272	0x14025db60	CStageSetHeart
0x1404e6658	0x14051d280	0x1405d8018	384	0x14025db6c	CStageSetHeart
0x1404e6758	0x14051d2a8	0x1405d8040	0	0x140260150	CStageSetLift
0x1404e67a0	0x14051d348	0x1405d8040	96	0x140260134	CStageSetLift
0x1404e6898	0x14051d370	0x1405d8040	208	0x140260140	CStageSetLift
0x1404e68b8	0x14051d398	0x1405d8040	272	0x140260128	CStageSetLift
0x1404e6978	0x14051d3c0	0x1405d8068	0	0x140262e70	CStageSetLight
0x1404e69b8	0x14051d448	0x1405d8068	96	0x140262e5c	CStageSetLight
0x1404e6b08	0x14051d470	0x1405d8090	0	0x140264170	CStageSetLungs
0x1404e6b80	0x14051d520	0x1405d8090	96	0x140264158	CStageSetLungs
0x1404e6c78	0x14051d548	0x1405d8090	208	0x140264164	CStageSetLungs
0x1404e6c98	0x14051d570	0x1405d8090	272	0x140264140	CStageSetLungs
0x1404e6d50	0x14051d598	0x1405d8090	384	0x14026414c	CStageSetLungs
0x1404e6e08	0x14051d5c0	0x1405d80b8	0	0x1402664a0	CStageSetMirror
0x1404e6e50	0x14051d660	0x1405d80b8	96	0x140266484	CStageSetMirror
0x1404e6f48	0x14051d688	0x1405d80b8	208	0x140266490	CStageSetMirror
0x1404e6f68	0x14051d6b0	0x1405d80b8	272	0x140266478	CStageSetMirror
0x1404e7060	0x14051d6d8	0x1405d80e0	0	0x140267c60	CStageSetNausika
0x1404e70d8	0x14051d790	0x1405d80e0	96	0x140267c3c	CStageSetNausika
0x1404e71d0	0x14051d7b8	0x1405d80e0	208	0x140267c48	CStageSetNausika
0x1404e71f0	0x14051d7e0	0x1405d80e0	272	0x140267c24	CStageSetNausika
0x1404e72a8	0x14051d808	0x1405d80e0	384	0x140267c30	CStageSetNausika
0x1404e73b8	0x14051d830	0x1405d8108	0	0x140269cb0	CStageSetNeedle
0x1404e7400	0x14051d8d0	0x1405d8108	96	0x140269c90	CStageSetNeedle
0x1404e74f8	0x14051d8f8	0x1405d8108	208	0x140269c9c	CStageSetNeedle
0x1404e7518	0x14051d920	0x1405d8108	272	0x140269c84	CStageSetNeedle
0x1404e75c0	0x14051d948	0x1405d8130	0	0x14026b050	CStageSetORBreak
0x1404e7608	0x14051d9e8	0x1405d8130	96	0x14026b02c	CStageSetORBreak
0x1404e7700	0x14051da10	0x1405d8130	208	0x14026b038	CStageSetORBreak
0x1404e7720	0x14051da38	0x1405d8130	272	0x14026b020	CStageSetORBreak
0x1404e77d8	0x14051da60	0x1405d8158	0	0x14026bd40	CStageSetRoad
0x1404e7820	0x14051db00	0x1405d8158	96	0x14026bd24	CStageSetRoad
0x1404e7918	0x14051db28	0x1405d8158	208	0x14026bd30	CStageSetRoad
0x1404e7938	0x14051db50	0x1405d8158	272	0x14026bd18	CStageSetRoad
0x1404e79b8	0x14051db78	0x1405d8180	0	0x14026ca40	CStageSetSe
0x1404e79f8	0x14051dc00	0x1405d8180	96	0x14026ca2c	CStageSetSe
0x1404e7b28	0x14051dc28	0x1405d81a8	0	0x14026d630	CStageSetSeal
0x1404e7b70	0x14051dcc8	0x1405d81a8	96	0x14026d60c	CStageSetSeal
0x1404e7c68	0x14051dcf0	0x1405d81a8	208	0x14026d618	CStageSetSeal
0x1404e7c88	0x14051dd18	0x1405d81a8	272	0x14026d600	CStageSetSeal
0x1404e7d30	0x14051dd40	0x1405d81d0	0	0x14026ed40	CStageSetSlide
0x1404e7d78	0x14051dde0	0x1405d81d0	96	0x14026ed1c	CStageSetSlide
0x1404e7e70	0x14051de08	0x1405d81d0	208	0x14026ed28	CStageSetSlide
0x1404e7e90	0x14051de30	0x1405d81d0	272	0x14026ed10	CStageSetSlide
0x1404e8038	0x14051de58	0x1405d81f8	0	0x140270070	CStageSetStayDemo
0x1404e8080	0x14051def8	0x1405d81f8	96	0x14026ffd8	CStageSetStayDemo
0x1404e8178	0x14051df20	0x1405d81f8	208	0x14026ffe4	CStageSetStayDemo
0x1404e8198	0x14051df48	0x1405d81f8	272	0x14026ffcc	CStageSetStayDemo
0x1404e81f0	0x14051df70	0x1405d8220	0	0x14026fff0	CStageSetStay
0x1404e8238	0x14051e018	0x1405d8220	96	0x14026ffb4	CStageSetStay
0x1404e8330	0x14051e040	0x1405d8220	208	0x14026ffc0	CStageSetStay
0x1404e8350	0x14051e068	0x1405d8220	272	0x14026ffa8	CStageSetStay
0x1404e8400	0x14051e090	0x1405d8248	0	0x140271810	CStageSetStomach
0x1404e8448	0x14051e130	0x1405d8248	96	0x1402717f4	CStageSetStomach
0x1404e8540	0x14051e158	0x1405d8248	208	0x140271800	CStageSetStomach
0x1404e8560	0x14051e180	0x1405d8248	272	0x1402717e8	CStageSetStomach
0x1404e8608	0x14051e1a8	0x1405d8270	0	0x1402727e0	CStageSetSwitch
0x1404e8650	0x14051e248	0x1405d8270	96	0x1402727c8	CStageSetSwitch
0x1404e8748	0x14051e270	0x1405d8270	208	0x1402727d4	CStageSetSwitch
0x1404e8768	0x14051e298	0x1405d8270	272	0x1402727bc	CStageSetSwitch
0x1404e8930	0x14051e3d8	0x1405d82c0	0	0x140274e90	CStageSetTruckEnemy
0x1404e8978	0x14051e470	0x1405d82c0	96	0x140274e30	CStageSetTruckEnemy
0x1404e8a70	0x14051e498	0x1405d82c0	208	0x140274e3c	CStageSetTruckEnemy
0x1404e8a90	0x14051e2c0	0x1405d8298	0	0x140274e50	CStageSetTruck
0x1404e8ad8	0x14051e360	0x1405d8298	96	0x140274e18	CStageSetTruck
0x1404e8bd0	0x14051e388	0x1405d8298	208	0x140274e24	CStageSetTruck
0x1404e8bf0	0x14051e3b0	0x1405d8298	272	0x140274e0c	CStageSetTruck
0x1404e8d30	0x14051e4c0	0x1405d82f0	0	0x140276f20	CStageSetYure
0x1404e8d70	0x14051e548	0x1405d82f0	96	0x140276f10	CStageSetYure
0x1404e8e00	0x14051e570	0x1405d8318	0	0x1402779d0	CStatus
0x1404e8e98	0x14051e5e8	0x1405d8338	0	0x14027ac50	CUIDBright
0x1404e8fa0	0x14051e668	0x1405d8360	0	0x14027b4b0	CUIDCockpit00
0x1404e90b8	0x14051e6e8	0x1405d8388	0	0x14027f390	CUIDCockpit01
0x1404e9178	0x14051e768	0x1405d83b0	0	0x1402800e0	CUIDCockpit02
0x1404e9230	0x14051e7e8	0x1405d83d8	0	0x140281230	CUIDComnBg
0x1404e92e8	0x14051e868	0x1405d8400	0	0x140281840	CUIDControl
0x1404e93a0	0x14051e8e8	0x1405d8428	0	0x1402826a0	CUIDCustomGun
0x1404e9458	0x14051e968	0x1405d8450	0	0x140284020	CUIDCustomGunV
0x1404e9510	0x14051e9e8	0x1405d8478	0	0x140285240	CUIDCustomIndex
0x1404e95c8	0x14051ea68	0x1405d84a0	0	0x140285b70	CUIDCustomItem
0x1404e9680	0x14051eae8	0x1405d84c8	0	0x140287fa0	CUIDCustomSkill
0x1404e9738	0x14051eb68	0x1405d84f0	0	0x14028a550	CUIDCustomWeapon
0x1404e97f0	0x14051ebe8	0x1405d8518	0	0x14028d5b0	CUIDDemoDigest
0x1404e98a8	0x14051ec68	0x1405d8540	0	0x14028e5d0	CUIDExtraInfo
0x1404e9960	0x14051ece8	0x1405d8568	0	0x14028f240	CUIDGallery
0x1404e9a18	0x14051ed68	0x1405d8590	0	0x140290e70	CUIDGameOptions
0x1404e9ad0	0x14051ede8	0x1405d85b8	0	0x140291a60	CUIDGoldOrb
0x1404e9b90	0x14051ee68	0x1405d85e0	0	0x140295280	CUIDItemGet
0x1404e9c48	0x14051eee8	0x1405d8608	0	0x140295ba0	CUIDLanguage
0x1404e9cd8	0x14051ef68	0x1405d8630	0	0x1402968b0	CUIDLockOnCursor
0x1404e9d98	0x14051efe8	0x1405d8658	0	0x1402976e0	CUIDMemoryCard
0x1404e9e50	0x14051f068	0x1405d8680	0	0x140299b20	CUIDMisSelect
0x1404e9f08	0x14051f0e8	0x1405d86a8	0	0x14029b860	CUIDMissionStart
0x1404e9fc0	0x14051f168	0x1405d86d0	0	0x14029c460	CUIDOption
0x1404ea080	0x14051f1e8	0x1405d86f8	0	0x14029f1e0	CUIDPause
0x1404ea138	0x14051f268	0x1405d8718	0	0x1402a0990	CUIDResult
0x1404ea280	0x14051f2e8	0x1405d8740	0	0x1402a43b0	CUIDResultBP
0x1404ea370	0x14051f368	0x1405d8768	0	0x1402a5f70	CUIDSaveBg
0x1404ea428	0x14051f3e8	0x1405d8790	0	0x1402a64d0	CUIDScreen
0x1404ea490	0x14051f468	0x1405d87b8	0	0x1402a6e50	CUIDSmorkBg
0x1404ea4f8	0x14051f4e8	0x1405d87e0	0	0x1402a7150	CUIDStaffRoll
0x1404ea5b0	0x14051f568	0x1405d8808	0	0x1402a7680	CUIDStatusFile
0x1404ea690	0x14051f5e8	0x1405d8830	0	0x1402a8010	CUIDStatusFileIpu
0x1404ea748	0x14051f668	0x1405d8858	0	0x1402a8cd0	CUIDStatusFileSec
0x1404ea808	0x14051f6e8	0x1405d8880	0	0x1402ad430	CUIDStatusIndex
0x1404ea8c0	0x14051f768	0x1405d88a8	0	0x1402adef0	CUIDStatusItem
0x1404ea978	0x14051f7e8	0x1405d88d0	0	0x1402b03b0	CUIDStatusMap
0x1404eaaa0	0x14051f868	0x1405d88f8	0	0x1402b3210	CUIDStatusWeapon
0x1404eab58	0x14051f8e8	0x1405d8920	0	0x1402b4c20	CUIDStyleLvup
0x1404eac40	0x14051f968	0x1405d8948	0	0x1402b60f0	CUIDStyleSelect
0x1404eae40	0x14051f9e8	0x1405d8970	0	0x1402b9650	CUIDStyleSelectV
0x1404eaf08	0x14051fa68	0x1405d8998	0	0x1402ba750	CUIDStylishCombo
0x1404eafc8	0x14051fae8	0x1405d89c0	0	0x1402bb510	CUIDTitle
0x1404eb0f8	0x14051fb68	0x1405d89e0	0	0x1402bdda0	CUIDTotalRanking
0x1404eb188	0x14051fbe8	0x1405d8a08	0	0x1402bee90	CUIDTutorial
0x1404eb240	0x14051fc68	0x1405d8a30	0	0x1402bf460	CUIDVergilWeapon
0x1405066e8	0x14051fce8	0x1405d55a8	0	0x1402c7430	CCamera
0x140506750	0x14051fd10	0x1405d8a58	0	0x1402c7790	CCameraMotion
0x140507168	0x14051fd90	0x1405d8a80	0	0x1402db9f0	CDemoModelWork
0x140507280	0x14051fe10	0x1405d8aa8	0	0x1402e36b0	CEffect
0x1405072f0	0x14051fe98	0x1405d8ac8	0	0x1402e89f0	IFadeControl
0x140507348	0x14051ff10	0x1405d8af0	0	0x1402e89c0	CFadeControl
0x1405073f8	0x14051ff90	0x1405d8b18	0	0x14008cfb0	CGenerator
0x140507938	0x140520018	0x1405d8b40	0	0x14030e300	CMotion
0x140507b30	0x1405200a0	0x1405d8b60	0	0x140314dd0	IPtxManager
0x140507b60	0x140520118	0x1405d8b88	0	0x140314d60	CPtxManager
0x1405081e0	0x140520198	0x1405d8bb0	0	0x140346bf0	CClip
0x140508248	0x140520210	0x1405d8bd0	0	0x140320d50	CSoundClip
0x140508298	0x140520290	0x1405d8bf8	0	0x140326c10	CWorkRateClip
0x1405082e8	0x140520310	0x1405d8c20	0	0x14030df40	CModelClip
0x140508338	0x140520390	0x1405d8c48	0	0x140311860	CMotionClip
0x140508388	0x140520410	0x1405d8c70	0	0x1402eddf0	CHideClip
0x1405083d8	0x140520490	0x1405d8c90	0	0x140314a40	CProgramClip
0x140508428	0x140520510	0x1405d8cb8	0	0x1402f1060	CMessageClip
0x140508478	0x140520590	0x1405d8ce0	0	0x140312140	CPadVibeClip
0x1405084c8	0x140520610	0x1405d8d08	0	0x1402e8300	CEffectClip
0x140508518	0x140520690	0x1405d8d30	0	0x1402c7590	CCameraClip
0x140508568	0x140520710	0x1405d8d58	0	0x1402eed90	CLightClip
0x1405085b8	0x140520790	0x1405d8d80	0	0x14031e690	CScrEfcClip
0x140508608	0x140520810	0x1405d8da8	0	0x1402e8810	CFadeClip
0x140508680	0x140520890	0x1405d8dc8	0	0x1403243b0	CValue
0x140508728	0x140520918	0x1405d8de8	0	0x1403295b0	CMcAppli
0x14050cc78	0x140520990	0x1405d8e08	0	0x140345614	type_info
0x14050cd18	0x140520a08	0x1405d8e50	0	0x14034627c	.?AVexception@std@@
0x14050cd48	0x140520a80	0x1405d8e28	0	0x14034627c	.?AVbad_alloc@std@@
0x14050cd70	0x140520b00	0x1405d8e78	0	0x14034627c	.?AVbad_array_new_length@std@@
